// Copyright 2025 QMK -- generated source code only, image retains original copyright
// SPDX-License-Identifier: GPL-2.0-or-later

// This file was auto-generated by `painter_convert_graphics` with arguments:
//    format | rgb565
//    output | graphics
//    input  | construction-icon.png

// Image's metadata
// ----------------
// Width: 76
// Height: 284
// Single frame

#include <qp.h>

const uint32_t gfx_construction_icon_length = 24538;

// clang-format off
const uint8_t gfx_construction_icon[24538] = {
    0x00, 0xFF, 0x12, 0x00, 0x00, 0x51, 0x47, 0x46, 0x01, 0xDA, 0x5F, 0x00, 0x00, 0x25, 0xA0, 0xFF,
    0xFF, 0x4C, 0x00, 0x1C, 0x01, 0x01, 0x00, 0x01, 0xFE, 0x04, 0x00, 0x00, 0x20, 0x00, 0x00, 0x00,
    0x02, 0xFD, 0x06, 0x00, 0x00, 0x08, 0x00, 0x01, 0xFF, 0xE8, 0x03, 0x05, 0xFA, 0xAA, 0x5F, 0x00,
    0x8F, 0xF7, 0xE0, 0xF7, 0xE0, 0xF7, 0xE0, 0xF7, 0xE0, 0xF7, 0xE0, 0xEF, 0xA0, 0xB5, 0xA0, 0x31,
    0xA0, 0x28, 0x00, 0xAB, 0x29, 0x40, 0xAD, 0x80, 0xEF, 0x80, 0xF7, 0xE0, 0xF7, 0xE0, 0xF7, 0xE0,
    0xF7, 0xE0, 0xF7, 0xE0, 0xF7, 0xE0, 0xF7, 0xE0, 0xF7, 0xE0, 0xF7, 0xE0, 0xF7, 0xE0, 0xF7, 0xE0,
    0xF7, 0xE0, 0xF7, 0xE0, 0xF7, 0xE0, 0xF7, 0xE0, 0xF7, 0xE0, 0xD6, 0xE0, 0x7C, 0x00, 0x08, 0x40,
    0x24, 0x00, 0x9D, 0x10, 0x80, 0xA5, 0x20, 0xE7, 0x60, 0xF7, 0xE0, 0xF7, 0xE0, 0xF7, 0xE0, 0xF7,
    0xE0, 0xF7, 0xE0, 0xF7, 0xE0, 0xF7, 0xE0, 0xF7, 0xE0, 0xF7, 0xE0, 0xEF, 0x80, 0xB5, 0xC0, 0x29,
    0x80, 0x28, 0x00, 0xA8, 0x29, 0x60, 0xAD, 0xA0, 0xEF, 0x80, 0xF7, 0xE0, 0xF7, 0xE0, 0xF7, 0xE0,
    0xF7, 0xE0, 0xF7, 0xE0, 0xF7, 0xE0, 0xF7, 0xE0, 0xF7, 0xE0, 0xF7, 0xE0, 0xF7, 0xE0, 0xF7, 0xE0,
    0xF7, 0xE0, 0xF7, 0xE0, 0xF7, 0xE0, 0xF7, 0xE0, 0xF7, 0xE0, 0xD6, 0xC0, 0x7C, 0x02, 0x00, 0x80,
    0x20, 0x24, 0x00, 0x9D, 0x10, 0xA0, 0xA5, 0x40, 0xE7, 0x60, 0xF7, 0xE0, 0xF7, 0xE0, 0xF7, 0xE0,
    0xF7, 0xE0, 0xF7, 0xE0, 0xF7, 0xE0, 0xF7, 0xE0, 0xF7, 0xE0, 0xF7, 0xE0, 0xEF, 0x80, 0xAD, 0xA0,
    0x29, 0x60, 0x28, 0x00, 0xAB, 0x29, 0x60, 0xB5, 0xA0, 0xEF, 0x80, 0xF7, 0xE0, 0xF7, 0xE0, 0xF7,
    0xE0, 0xF7, 0xE0, 0xF7, 0xE0, 0xF7, 0xE0, 0xF7, 0xE0, 0xF7, 0xE0, 0xF7, 0xE0, 0xF7, 0xE0, 0xF7,
    0xE0, 0xF7, 0xE0, 0xF7, 0xE0, 0xF7, 0xE0, 0xF7, 0xE0, 0xF7, 0xE0, 0xD6, 0xC0, 0x7B, 0xE0, 0x00,
    0x20, 0x24, 0x00, 0x9D, 0x10, 0xC0, 0xA5, 0x40, 0xE7, 0x60, 0xF7, 0xE0, 0xF7, 0xE0, 0xF7, 0xE0,
    0xF7, 0xE0, 0xF7, 0xE0, 0xF7, 0xE0, 0xF7, 0xE0, 0xF7, 0xE0, 0xF7, 0xE0, 0xEF, 0x80, 0xB5, 0xA0,
    0x29, 0x60, 0x28, 0x00, 0xA8, 0x31, 0x80, 0xB5, 0xA0, 0xEF, 0x80, 0xF7, 0xE0, 0xF7, 0xE0, 0xF7,
    0xE0, 0xF7, 0xE0, 0xF7, 0xE0, 0xF7, 0xE0, 0xF7, 0xE0, 0xF7, 0xE0, 0xF7, 0xE0, 0xF7, 0xE0, 0xF7,
    0xE0, 0xF7, 0xE0, 0xF7, 0xE0, 0xF7, 0xE0, 0xF7, 0xE0, 0xF7, 0xE0, 0xD6, 0xA0, 0x7C, 0x02, 0x00,
    0x80, 0x20, 0x24, 0x00, 0x9D, 0x18, 0xC0, 0xA5, 0x60, 0xE7, 0x60, 0xF7, 0xE0, 0xF7, 0xE0, 0xF7,
    0xE0, 0xF7, 0xE0, 0xF7, 0xE0, 0xF7, 0xE0, 0xF7, 0xE0, 0xF7, 0xE0, 0xF7, 0xE0, 0xEF, 0x80, 0xAD,
    0xA0, 0x29, 0x40, 0x28, 0x00, 0xA9, 0x31, 0xA0, 0xB5, 0xC0, 0xEF, 0x80, 0xF7, 0xE0, 0xF7, 0xE0,
    0xF7, 0xE0, 0xF7, 0xE0, 0xF7, 0xE0, 0xF7, 0xE0, 0xF7, 0xE0, 0xF7, 0xE0, 0xF7, 0xE0, 0xF7, 0xE0,
    0xF7, 0xE0, 0xF7, 0xE0, 0xF7, 0xE0, 0xF7, 0xE0, 0xF7, 0xE0, 0xF7, 0xE0, 0xD6, 0xC0, 0x73, 0xC0,
    0x26, 0x00, 0x9D, 0x18, 0xE0, 0xAD, 0x60, 0xEF, 0x60, 0xF7, 0xE0, 0xF7, 0xE0, 0xF7, 0xE0, 0xF7,
    0xE0, 0xF7, 0xE0, 0xF7, 0xE0, 0xF7, 0xE0, 0xF7, 0xE0, 0xF7, 0xE0, 0xEF, 0x80, 0xAD, 0x80, 0x21,
    0x20, 0x28, 0x00, 0xA9, 0x31, 0xA0, 0xB5, 0xC0, 0xEF, 0xA0, 0xF7, 0xE0, 0xF7, 0xE0, 0xF7, 0xE0,
    0xF7, 0xE0, 0xF7, 0xE0, 0xF7, 0xE0, 0xF7, 0xE0, 0xF7, 0xE0, 0xF7, 0xE0, 0xF7, 0xE0, 0xF7, 0xE0,
    0xF7, 0xE0, 0xF7, 0xE0, 0xF7, 0xE0, 0xF7, 0xE0, 0xF7, 0xE0, 0xCE, 0xA0, 0x73, 0xC0, 0x26, 0x00,
    0x9D, 0x19, 0x00, 0xAD, 0x80, 0xEF, 0x80, 0xF7, 0xE0, 0xF7, 0xE0, 0xF7, 0xE0, 0xF7, 0xE0, 0xF7,
    0xE0, 0xF7, 0xE0, 0xF7, 0xE0, 0xF7, 0xE0, 0xF7, 0xE0, 0xF7, 0xE0, 0xAD, 0x80, 0x21, 0x20, 0x28,
    0x00, 0xA9, 0x31, 0xC0, 0xB5, 0xE0, 0xEF, 0xA0, 0xF7, 0xE0, 0xF7, 0xE0, 0xF7, 0xE0, 0xF7, 0xE0,
    0xF7, 0xE0, 0xF7, 0xE0, 0xF7, 0xE0, 0xF7, 0xE0, 0xF7, 0xE0, 0xF7, 0xE0, 0xF7, 0xE0, 0xF7, 0xE0,
    0xF7, 0xE0, 0xF7, 0xE0, 0xF7, 0xE0, 0xF7, 0xE0, 0xD6, 0xC0, 0x73, 0xA0, 0x26, 0x00, 0x9C, 0x21,
    0x00, 0xAD, 0x80, 0xEF, 0x80, 0xF7, 0xE0, 0xF7, 0xE0, 0xF7, 0xE0, 0xF7, 0xE0, 0xF7, 0xE0, 0xF7,
    0xE0, 0xF7, 0xE0, 0xF7, 0xE0, 0xF7, 0xE0, 0xF7, 0xE0, 0xF7, 0xE0, 0x21, 0x29, 0x00, 0xA9, 0x39,
    0xE0, 0xB5, 0xC0, 0xEF, 0xA0, 0xF7, 0xE0, 0xF7, 0xE0, 0xF7, 0xE0, 0xF7, 0xE0, 0xF7, 0xE0, 0xF7,
    0xE0, 0xF7, 0xE0, 0xF7, 0xE0, 0xF7, 0xE0, 0xF7, 0xE0, 0xF7, 0xE0, 0xF7, 0xE0, 0xF7, 0xE0, 0xF7,
    0xE0, 0xF7, 0xE0, 0xF7, 0xE0, 0xCE, 0xA0, 0x73, 0xA0, 0x26, 0x00, 0x9D, 0x21, 0x20, 0xAD, 0x80,
    0xEF, 0x80, 0xF7, 0xE0, 0xF7, 0xE0, 0xF7, 0xE0, 0xF7, 0xE0, 0xF7, 0xE0, 0xF7, 0xE0, 0xF7, 0xE0,
    0xF7, 0xE0, 0xF7, 0xE0, 0xF7, 0xE0, 0xF7, 0xE0, 0xF7, 0xE0, 0x28, 0x00, 0xA9, 0x39, 0xE0, 0xBD,
    0xE0, 0xEF, 0xA0, 0xF7, 0xE0, 0xF7, 0xE0, 0xF7, 0xE0, 0xF7, 0xE0, 0xF7, 0xE0, 0xF7, 0xE0, 0xF7,
    0xE0, 0xF7, 0xE0, 0xF7, 0xE0, 0xF7, 0xE0, 0xF7, 0xE0, 0xF7, 0xE0, 0xF7, 0xE0, 0xF7, 0xE0, 0xF7,
    0xE0, 0xF7, 0xE0, 0xCE, 0xA0, 0x6B, 0x80, 0x26, 0x00, 0x9F, 0x21, 0x20, 0xAD, 0xA0, 0xEF, 0x80,
    0xF7, 0xE0, 0xF7, 0xE0, 0xF7, 0xE0, 0xF7, 0xE0, 0xF7, 0xE0, 0xF7, 0xE0, 0xF7, 0xE0, 0xF7, 0xE0,
    0xF7, 0xE0, 0xF7, 0xE0, 0xF7, 0xE0, 0xF7, 0xE0, 0xF7, 0xE0, 0x26, 0x00, 0xA9, 0x42, 0x00, 0xB5,
    0xE0, 0xEF, 0xA0, 0xF7, 0xE0, 0xF7, 0xE0, 0xF7, 0xE0, 0xF7, 0xE0, 0xF7, 0xE0, 0xF7, 0xE0, 0xF7,
    0xE0, 0xF7, 0xE0, 0xF7, 0xE0, 0xF7, 0xE0, 0xF7, 0xE0, 0xF7, 0xE0, 0xF7, 0xE0, 0xF7, 0xE0, 0xF7,
    0xE0, 0xF7, 0xE0, 0xCE, 0xA0, 0x6B, 0x80, 0x26, 0x00, 0xA1, 0x29, 0x40, 0xAD, 0xA0, 0xEF, 0x80,
    0xF7, 0xE0, 0xF7, 0xE0, 0xF7, 0xE0, 0xF7, 0xE0, 0xF7, 0xE0, 0xF7, 0xE0, 0xF7, 0xE0, 0xF7, 0xE0,
    0xF7, 0xE0, 0xF7, 0xE0, 0xF7, 0xE0, 0xF7, 0xE0, 0xF7, 0xE0, 0xF7, 0xE0, 0x24, 0x00, 0xA9, 0x42,
    0x20, 0xBE, 0x00, 0xEF, 0xA0, 0xF7, 0xE0, 0xF7, 0xE0, 0xF7, 0xE0, 0xF7, 0xE0, 0xF7, 0xE0, 0xF7,
    0xE0, 0xF7, 0xE0, 0xF7, 0xE0, 0xF7, 0xE0, 0xF7, 0xE0, 0xF7, 0xE0, 0xF7, 0xE0, 0xF7, 0xE0, 0xF7,
    0xE0, 0xF7, 0xE0, 0xF7, 0xE0, 0xCE, 0xA0, 0x6B, 0x60, 0x26, 0x00, 0xA3, 0x29, 0x40, 0xB5, 0xC0,
    0xEF, 0x80, 0xF7, 0xE0, 0xF7, 0xE0, 0xF7, 0xE0, 0xF7, 0xE0, 0xF7, 0xE0, 0xF7, 0xE0, 0xF7, 0xE0,
    0xF7, 0xE0, 0xF7, 0xE0, 0xF7, 0xE0, 0xF7, 0xE0, 0xF7, 0xE0, 0xF7, 0xE0, 0xF7, 0xE0, 0xF7, 0xE0,
    0x22, 0x00, 0xA9, 0x42, 0x20, 0xBD, 0xE0, 0xF7, 0xC0, 0xF7, 0xE0, 0xF7, 0xE0, 0xF7, 0xE0, 0xF7,
    0xE0, 0xF7, 0xE0, 0xF7, 0xE0, 0xF7, 0xE0, 0xF7, 0xE0, 0xF7, 0xE0, 0xF7, 0xE0, 0xF7, 0xE0, 0xF7,
    0xE0, 0xF7, 0xE0, 0xF7, 0xE0, 0xF7, 0xE0, 0xF7, 0xE0, 0xCE, 0x80, 0x6B, 0x60, 0x26, 0x00, 0xA5,
    0x29, 0x60, 0xB5, 0xA0, 0xEF, 0x80, 0xF7, 0xE0, 0xF7, 0xE0, 0xF7, 0xE0, 0xF7, 0xE0, 0xF7, 0xE0,
    0xF7, 0xE0, 0xF7, 0xE0, 0xF7, 0xE0, 0xF7, 0xE0, 0xF7, 0xE0, 0xF7, 0xE0, 0xF7, 0xE0, 0xF7, 0xE0,
    0xF7, 0xE0, 0xF7, 0xE0, 0xF7, 0xE0, 0x20, 0x00, 0xA9, 0x42, 0x40, 0xBE, 0x00, 0xF7, 0xC0, 0xF7,
    0xE0, 0xF7, 0xE0, 0xF7, 0xE0, 0xF7, 0xE0, 0xF7, 0xE0, 0xF7, 0xE0, 0xF7, 0xE0, 0xF7, 0xE0, 0xF7,
    0xE0, 0xF7, 0xE0, 0xF7, 0xE0, 0xF7, 0xE0, 0xF7, 0xE0, 0xF7, 0xE0, 0xF7, 0xE0, 0xF7, 0xE0, 0xCE,
    0x80, 0x63, 0x40, 0x26, 0x00, 0xA7, 0x29, 0x80, 0xB5, 0xE0, 0xEF, 0x80, 0xF7, 0xE0, 0xF7, 0xE0,
    0xF7, 0xE0, 0xF7, 0xE0, 0xF7, 0xE0, 0xF7, 0xE0, 0xF7, 0xE0, 0xF7, 0xE0, 0xF7, 0xE0, 0xF7, 0xE0,
    0xF7, 0xE0, 0xF7, 0xE0, 0xF7, 0xE0, 0xF7, 0xE0, 0xF7, 0xE0, 0xF7, 0xE0, 0xD6, 0xC0, 0x1E, 0x00,
    0xA9, 0x4A, 0x60, 0xBE, 0x00, 0xF7, 0xC0, 0xF7, 0xE0, 0xF7, 0xE0, 0xF7, 0xE0, 0xF7, 0xE0, 0xF7,
    0xE0, 0xF7, 0xE0, 0xF7, 0xE0, 0xF7, 0xE0, 0xF7, 0xE0, 0xF7, 0xE0, 0xF7, 0xE0, 0xF7, 0xE0, 0xF7,
    0xE0, 0xF7, 0xE0, 0xF7, 0xE0, 0xF7, 0xE0, 0xCE, 0x80, 0x63, 0x20, 0x26, 0x00, 0xA9, 0x31, 0xA0,
    0xB5, 0xC0, 0xEF, 0xA0, 0xF7, 0xE0, 0xF7, 0xE0, 0xF7, 0xE0, 0xF7, 0xE0, 0xF7, 0xE0, 0xF7, 0xE0,
    0xF7, 0xE0, 0xF7, 0xE0, 0xF7, 0xE0, 0xF7, 0xE0, 0xF7, 0xE0, 0xF7, 0xE0, 0xF7, 0xE0, 0xF7, 0xE0,
    0xF7, 0xE0, 0xF7, 0xE0, 0xCE, 0xA0, 0x7B, 0xE0, 0x1C, 0x00, 0xA9, 0x4A, 0x60, 0xBE, 0x00, 0xF7,
    0xC0, 0xF7, 0xE0, 0xF7, 0xE0, 0xF7, 0xE0, 0xF7, 0xE0, 0xF7, 0xE0, 0xF7, 0xE0, 0xF7, 0xE0, 0xF7,
    0xE0, 0xF7, 0xE0, 0xF7, 0xE0, 0xF7, 0xE0, 0xF7, 0xE0, 0xF7, 0xE0, 0xF7, 0xE0, 0xF7, 0xE0, 0xF7,
    0xE0, 0xCE, 0x60, 0x63, 0x20, 0x26, 0x00, 0xA9, 0x31, 0xA0, 0xB5, 0xE0, 0xEF, 0x80, 0xF7, 0xE0,
    0xF7, 0xE0, 0xF7, 0xE0, 0xF7, 0xE0, 0xF7, 0xE0, 0xF7, 0xE0, 0xF7, 0xE0, 0xF7, 0xE0, 0xF7, 0xE0,
    0xF7, 0xE0, 0xF7, 0xE0, 0xF7, 0xE0, 0xF7, 0xE0, 0xF7, 0xE0, 0xF7, 0xE0, 0xF7, 0xE0, 0xCE, 0xA0,
    0x73, 0xA0, 0x1C, 0x00, 0xA8, 0x4A, 0x80, 0xBE, 0x00, 0xF7, 0xC0, 0xF7, 0xE0, 0xF7, 0xE0, 0xF7,
    0xE0, 0xF7, 0xE0, 0xF7, 0xE0, 0xF7, 0xE0, 0xF7, 0xE0, 0xF7, 0xE0, 0xF7, 0xE0, 0xF7, 0xE0, 0xF7,
    0xE0, 0xF7, 0xE0, 0xF7, 0xE0, 0xF7, 0xE0, 0xF7, 0xE0, 0xF7, 0xE0, 0xCE, 0x80, 0x5B, 0x27, 0x00,
    0xA9, 0x31, 0xC0, 0xB5, 0xE0, 0xEF, 0xA0, 0xF7, 0xE0, 0xF7, 0xE0, 0xF7, 0xE0, 0xF7, 0xE0, 0xF7,
    0xE0, 0xF7, 0xE0, 0xF7, 0xE0, 0xF7, 0xE0, 0xF7, 0xE0, 0xF7, 0xE0, 0xF7, 0xE0, 0xF7, 0xE0, 0xF7,
    0xE0, 0xF7, 0xE0, 0xF7, 0xE0, 0xF7, 0xE0, 0xCE, 0x80, 0x73, 0xA0, 0x1C, 0x00, 0xA8, 0x52, 0x80,
    0xC6, 0x20, 0xF7, 0xC0, 0xF7, 0xE0, 0xF7, 0xE0, 0xF7, 0xE0, 0xF7, 0xE0, 0xF7, 0xE0, 0xF7, 0xE0,
    0xF7, 0xE0, 0xF7, 0xE0, 0xF7, 0xE0, 0xF7, 0xE0, 0xF7, 0xE0, 0xF7, 0xE0, 0xF7, 0xE0, 0xF7, 0xE0,
    0xF7, 0xE0, 0xF7, 0xE0, 0xC6, 0x60, 0x5B, 0x27, 0x00, 0xA9, 0x39, 0xE0, 0xBE, 0x00, 0xEF, 0xA0,
    0xF7, 0xE0, 0xF7, 0xE0, 0xF7, 0xE0, 0xF7, 0xE0, 0xF7, 0xE0, 0xF7, 0xE0, 0xF7, 0xE0, 0xF7, 0xE0,
    0xF7, 0xE0, 0xF7, 0xE0, 0xF7, 0xE0, 0xF7, 0xE0, 0xF7, 0xE0, 0xF7, 0xE0, 0xF7, 0xE0, 0xF7, 0xE0,
    0xCE, 0xA0, 0x6B, 0x80, 0x1C, 0x00, 0xA9, 0x52, 0xA0, 0xC6, 0x20, 0xF7, 0xC0, 0xF7, 0xE0, 0xF7,
    0xE0, 0xF7, 0xE0, 0xF7, 0xE0, 0xF7, 0xE0, 0xF7, 0xE0, 0xF7, 0xE0, 0xF7, 0xE0, 0xF7, 0xE0, 0xF7,
    0xE0, 0xF7, 0xE0, 0xF7, 0xE0, 0xF7, 0xE0, 0xF7, 0xE0, 0xF7, 0xE0, 0xF7, 0xE0, 0xCE, 0x60, 0x5A,
    0xE0, 0x26, 0x00, 0xA9, 0x39, 0xE0, 0xBD, 0xE0, 0xEF, 0xA0, 0xF7, 0xE0, 0xF7, 0xE0, 0xF7, 0xE0,
    0xF7, 0xE0, 0xF7, 0xE0, 0xF7, 0xE0, 0xF7, 0xE0, 0xF7, 0xE0, 0xF7, 0xE0, 0xF7, 0xE0, 0xF7, 0xE0,
    0xF7, 0xE0, 0xF7, 0xE0, 0xF7, 0xE0, 0xF7, 0xE0, 0xF7, 0xE0, 0xCE, 0x80, 0x6B, 0x80, 0x1C, 0x00,
    0xA9, 0x52, 0xC0, 0xC6, 0x20, 0xF7, 0xE0, 0xF7, 0xE0, 0xF7, 0xE0, 0xF7, 0xE0, 0xF7, 0xE0, 0xF7,
    0xE0, 0xF7, 0xE0, 0xF7, 0xE0, 0xF7, 0xE0, 0xF7, 0xE0, 0xF7, 0xE0, 0xF7, 0xE0, 0xF7, 0xE0, 0xF7,
    0xE0, 0xF7, 0xE0, 0xF7, 0xE0, 0xF7, 0xE0, 0xC6, 0x40, 0x5A, 0xC0, 0x26, 0x00, 0xA9, 0x3A, 0x00,
    0xBE, 0x00, 0xEF, 0xA0, 0xF7, 0xE0, 0xF7, 0xE0, 0xF7, 0xE0, 0xF7, 0xE0, 0xF7, 0xE0, 0xF7, 0xE0,
    0xF7, 0xE0, 0xF7, 0xE0, 0xF7, 0xE0, 0xF7, 0xE0, 0xF7, 0xE0, 0xF7, 0xE0, 0xF7, 0xE0, 0xF7, 0xE0,
    0xF7, 0xE0, 0xF7, 0xE0, 0xCE, 0x80, 0x6B, 0x60, 0x1C, 0x00, 0xA9, 0x52, 0xC0, 0xC6, 0x40, 0xF7,
    0xE0, 0xF7, 0xE0, 0xF7, 0xE0, 0xF7, 0xE0, 0xF7, 0xE0, 0xF7, 0xE0, 0xF7, 0xE0, 0xF7, 0xE0, 0xF7,
    0xE0, 0xF7, 0xE0, 0xF7, 0xE0, 0xF7, 0xE0, 0xF7, 0xE0, 0xF7, 0xE0, 0xF7, 0xE0, 0xF7, 0xE0, 0xF7,
    0xC0, 0xC6, 0x60, 0x52, 0xA0, 0x26, 0x00, 0xA9, 0x42, 0x00, 0xBE, 0x00, 0xEF, 0xA0, 0xF7, 0xE0,
    0xF7, 0xE0, 0xF7, 0xE0, 0xF7, 0xE0, 0xF7, 0xE0, 0xF7, 0xE0, 0xF7, 0xE0, 0xF7, 0xE0, 0xF7, 0xE0,
    0xF7, 0xE0, 0xF7, 0xE0, 0xF7, 0xE0, 0xF7, 0xE0, 0xF7, 0xE0, 0xF7, 0xE0, 0xF7, 0xE0, 0xCE, 0x80,
    0x6B, 0x60, 0x1C, 0x00, 0xA9, 0x5A, 0xE0, 0xC6, 0x40, 0xF7, 0xE0, 0xF7, 0xE0, 0xF7, 0xE0, 0xF7,
    0xE0, 0xF7, 0xE0, 0xF7, 0xE0, 0xF7, 0xE0, 0xF7, 0xE0, 0xF7, 0xE0, 0xF7, 0xE0, 0xF7, 0xE0, 0xF7,
    0xE0, 0xF7, 0xE0, 0xF7, 0xE0, 0xF7, 0xE0, 0xF7, 0xE0, 0xF7, 0xC0, 0xC6, 0x40, 0x52, 0xA0, 0x26,
    0x00, 0xA9, 0x42, 0x20, 0xBE, 0x00, 0xEF, 0xA0, 0xF7, 0xE0, 0xF7, 0xE0, 0xF7, 0xE0, 0xF7, 0xE0,
    0xF7, 0xE0, 0xF7, 0xE0, 0xF7, 0xE0, 0xF7, 0xE0, 0xF7, 0xE0, 0xF7, 0xE0, 0xF7, 0xE0, 0xF7, 0xE0,
    0xF7, 0xE0, 0xF7, 0xE0, 0xF7, 0xE0, 0xF7, 0xE0, 0xCE, 0x60, 0x6B, 0x60, 0x1C, 0x00, 0xA9, 0x5A,
    0xE0, 0xC6, 0x60, 0xF7, 0xE0, 0xF7, 0xE0, 0xF7, 0xE0, 0xF7, 0xE0, 0xF7, 0xE0, 0xF7, 0xE0, 0xF7,
    0xE0, 0xF7, 0xE0, 0xF7, 0xE0, 0xF7, 0xE0, 0xF7, 0xE0, 0xF7, 0xE0, 0xF7, 0xE0, 0xF7, 0xE0, 0xF7,
    0xE0, 0xF7, 0xE0, 0xF7, 0xC0, 0xC6, 0x40, 0x4A, 0x80, 0x26, 0x00, 0xA9, 0x42, 0x40, 0xBE, 0x20,
    0xF7, 0xC0, 0xF7, 0xE0, 0xF7, 0xE0, 0xF7, 0xE0, 0xF7, 0xE0, 0xF7, 0xE0, 0xF7, 0xE0, 0xF7, 0xE0,
    0xF7, 0xE0, 0xF7, 0xE0, 0xF7, 0xE0, 0xF7, 0xE0, 0xF7, 0xE0, 0xF7, 0xE0, 0xF7, 0xE0, 0xF7, 0xE0,
    0xF7, 0xE0, 0xCE, 0x80, 0x63, 0x40, 0x1C, 0x00, 0xA9, 0x63, 0x00, 0xC6, 0x40, 0xF7, 0xE0, 0xF7,
    0xE0, 0xF7, 0xE0, 0xF7, 0xE0, 0xF7, 0xE0, 0xF7, 0xE0, 0xF7, 0xE0, 0xF7, 0xE0, 0xF7, 0xE0, 0xF7,
    0xE0, 0xF7, 0xE0, 0xF7, 0xE0, 0xF7, 0xE0, 0xF7, 0xE0, 0xF7, 0xE0, 0xF7, 0xE0, 0xF7, 0xC0, 0xC6,
    0x20, 0x4A, 0x80, 0x26, 0x00, 0xA9, 0x4A, 0x60, 0xBE, 0x20, 0xF7, 0xC0, 0xF7, 0xE0, 0xF7, 0xE0,
    0xF7, 0xE0, 0xF7, 0xE0, 0xF7, 0xE0, 0xF7, 0xE0, 0xF7, 0xE0, 0xF7, 0xE0, 0xF7, 0xE0, 0xF7, 0xE0,
    0xF7, 0xE0, 0xF7, 0xE0, 0xF7, 0xE0, 0xF7, 0xE0, 0xF7, 0xE0, 0xF7, 0xE0, 0xCE, 0x60, 0x63, 0x20,
    0x1C, 0x00, 0xA9, 0x63, 0x00, 0xC6, 0x60, 0xF7, 0xE0, 0xF7, 0xE0, 0xF7, 0xE0, 0xF7, 0xE0, 0xF7,
    0xE0, 0xF7, 0xE0, 0xF7, 0xE0, 0xF7, 0xE0, 0xF7, 0xE0, 0xF7, 0xE0, 0xF7, 0xE0, 0xF7, 0xE0, 0xF7,
    0xE0, 0xF7, 0xE0, 0xF7, 0xE0, 0xF7, 0xE0, 0xF7, 0xC0, 0xC6, 0x40, 0x4A, 0x60, 0x26, 0x00, 0xA8,
    0x4A, 0x60, 0xC6, 0x20, 0xF7, 0xC0, 0xF7, 0xE0, 0xF7, 0xE0, 0xF7, 0xE0, 0xF7, 0xE0, 0xF7, 0xE0,
    0xF7, 0xE0, 0xF7, 0xE0, 0xF7, 0xE0, 0xF7, 0xE0, 0xF7, 0xE0, 0xF7, 0xE0, 0xF7, 0xE0, 0xF7, 0xE0,
    0xF7, 0xE0, 0xF7, 0xE0, 0xF7, 0xE0, 0xCE, 0x60, 0x63, 0x1D, 0x00, 0xA9, 0x63, 0x40, 0xC6, 0x40,
    0xF7, 0xE0, 0xF7, 0xE0, 0xF7, 0xE0, 0xF7, 0xE0, 0xF7, 0xE0, 0xF7, 0xE0, 0xF7, 0xE0, 0xF7, 0xE0,
    0xF7, 0xE0, 0xF7, 0xE0, 0xF7, 0xE0, 0xF7, 0xE0, 0xF7, 0xE0, 0xF7, 0xE0, 0xF7, 0xE0, 0xF7, 0xE0,
    0xF7, 0xC0, 0xC6, 0x20, 0x4A, 0x40, 0x26, 0x00, 0xA8, 0x4A, 0x80, 0xC6, 0x20, 0xF7, 0xC0, 0xF7,
    0xE0, 0xF7, 0xE0, 0xF7, 0xE0, 0xF7, 0xE0, 0xF7, 0xE0, 0xF7, 0xE0, 0xF7, 0xE0, 0xF7, 0xE0, 0xF7,
    0xE0, 0xF7, 0xE0, 0xF7, 0xE0, 0xF7, 0xE0, 0xF7, 0xE0, 0xF7, 0xE0, 0xF7, 0xE0, 0xF7, 0xE0, 0xC6,
    0x40, 0x63, 0x1D, 0x00, 0xA9, 0x63, 0x20, 0xCE, 0x80, 0xF7, 0xE0, 0xF7, 0xE0, 0xF7, 0xE0, 0xF7,
    0xE0, 0xF7, 0xE0, 0xF7, 0xE0, 0xF7, 0xE0, 0xF7, 0xE0, 0xF7, 0xE0, 0xF7, 0xE0, 0xF7, 0xE0, 0xF7,
    0xE0, 0xF7, 0xE0, 0xF7, 0xE0, 0xF7, 0xE0, 0xF7, 0xE0, 0xF7, 0xC0, 0xC6, 0x20, 0x42, 0x20, 0x26,
    0x00, 0xA9, 0x52, 0x80, 0xC6, 0x40, 0xF7, 0xC0, 0xF7, 0xE0, 0xF7, 0xE0, 0xF7, 0xE0, 0xF7, 0xE0,
    0xF7, 0xE0, 0xF7, 0xE0, 0xF7, 0xE0, 0xF7, 0xE0, 0xF7, 0xE0, 0xF7, 0xE0, 0xF7, 0xE0, 0xF7, 0xE0,
    0xF7, 0xE0, 0xF7, 0xE0, 0xF7, 0xE0, 0xF7, 0xE0, 0xC6, 0x60, 0x5A, 0xE0, 0x1C, 0x00, 0xA9, 0x6B,
    0x40, 0xCE, 0x60, 0xF7, 0xE0, 0xF7, 0xE0, 0xF7, 0xE0, 0xF7, 0xE0, 0xF7, 0xE0, 0xF7, 0xE0, 0xF7,
    0xE0, 0xF7, 0xE0, 0xF7, 0xE0, 0xF7, 0xE0, 0xF7, 0xE0, 0xF7, 0xE0, 0xF7, 0xE0, 0xF7, 0xE0, 0xF7,
    0xE0, 0xF7, 0xE0, 0xF7, 0xC0, 0xBE, 0x20, 0x42, 0x20, 0x26, 0x00, 0xA9, 0x52, 0xA0, 0xC6, 0x40,
    0xF7, 0xC0, 0xF7, 0xE0, 0xF7, 0xE0, 0xF7, 0xE0, 0xF7, 0xE0, 0xF7, 0xE0, 0xF7, 0xE0, 0xF7, 0xE0,
    0xF7, 0xE0, 0xF7, 0xE0, 0xF7, 0xE0, 0xF7, 0xE0, 0xF7, 0xE0, 0xF7, 0xE0, 0xF7, 0xE0, 0xF7, 0xE0,
    0xF7, 0xE0, 0xC6, 0x40, 0x5A, 0xE0, 0x1C, 0x00, 0xA8, 0x6B, 0x60, 0xCE, 0x80, 0xF7, 0xE0, 0xF7,
    0xE0, 0xF7, 0xE0, 0xF7, 0xE0, 0xF7, 0xE0, 0xF7, 0xE0, 0xF7, 0xE0, 0xF7, 0xE0, 0xF7, 0xE0, 0xF7,
    0xE0, 0xF7, 0xE0, 0xF7, 0xE0, 0xF7, 0xE0, 0xF7, 0xE0, 0xF7, 0xE0, 0xF7, 0xE0, 0xEF, 0xA0, 0xBE,
    0x00, 0x42, 0x27, 0x00, 0xA9, 0x52, 0xA0, 0xC6, 0x40, 0xF7, 0xE0, 0xF7, 0xE0, 0xF7, 0xE0, 0xF7,
    0xE0, 0xF7, 0xE0, 0xF7, 0xE0, 0xF7, 0xE0, 0xF7, 0xE0, 0xF7, 0xE0, 0xF7, 0xE0, 0xF7, 0xE0, 0xF7,
    0xE0, 0xF7, 0xE0, 0xF7, 0xE0, 0xF7, 0xE0, 0xF7, 0xE0, 0xF7, 0xE0, 0xC6, 0x40, 0x52, 0xC0, 0x1C,
    0x00, 0xA9, 0x6B, 0x80, 0xCE, 0x80, 0xF7, 0xE0, 0xF7, 0xE0, 0xF7, 0xE0, 0xF7, 0xE0, 0xF7, 0xE0,
    0xF7, 0xE0, 0xF7, 0xE0, 0xF7, 0xE0, 0xF7, 0xE0, 0xF7, 0xE0, 0xF7, 0xE0, 0xF7, 0xE0, 0xF7, 0xE0,
    0xF7, 0xE0, 0xF7, 0xE0, 0xF7, 0xE0, 0xEF, 0xA0, 0xBE, 0x00, 0x39, 0xE0, 0x26, 0x00, 0xA9, 0x5A,
    0xE0, 0xC6, 0x40, 0xF7, 0xE0, 0xF7, 0xE0, 0xF7, 0xE0, 0xF7, 0xE0, 0xF7, 0xE0, 0xF7, 0xE0, 0xF7,
    0xE0, 0xF7, 0xE0, 0xF7, 0xE0, 0xF7, 0xE0, 0xF7, 0xE0, 0xF7, 0xE0, 0xF7, 0xE0, 0xF7, 0xE0, 0xF7,
    0xE0, 0xF7, 0xE0, 0xF7, 0xE0, 0xC6, 0x20, 0x52, 0xC0, 0x1E, 0x00, 0xA7, 0xCE, 0x80, 0xF7, 0xE0,
    0xF7, 0xE0, 0xF7, 0xE0, 0xF7, 0xE0, 0xF7, 0xE0, 0xF7, 0xE0, 0xF7, 0xE0, 0xF7, 0xE0, 0xF7, 0xE0,
    0xF7, 0xE0, 0xF7, 0xE0, 0xF7, 0xE0, 0xF7, 0xE0, 0xF7, 0xE0, 0xF7, 0xE0, 0xF7, 0xE0, 0xEF, 0xA0,
    0xBE, 0x00, 0x39, 0xE0, 0x26, 0x00, 0xA9, 0x5A, 0xC0, 0xC6, 0x60, 0xF7, 0xE0, 0xF7, 0xE0, 0xF7,
    0xE0, 0xF7, 0xE0, 0xF7, 0xE0, 0xF7, 0xE0, 0xF7, 0xE0, 0xF7, 0xE0, 0xF7, 0xE0, 0xF7, 0xE0, 0xF7,
    0xE0, 0xF7, 0xE0, 0xF7, 0xE0, 0xF7, 0xE0, 0xF7, 0xE0, 0xF7, 0xE0, 0xF7, 0xC0, 0xC6, 0x40, 0x52,
    0xA0, 0x20, 0x00, 0xA5, 0xF7, 0xE0, 0xF7, 0xE0, 0xF7, 0xE0, 0xF7, 0xE0, 0xF7, 0xE0, 0xF7, 0xE0,
    0xF7, 0xE0, 0xF7, 0xE0, 0xF7, 0xE0, 0xF7, 0xE0, 0xF7, 0xE0, 0xF7, 0xE0, 0xF7, 0xE0, 0xF7, 0xE0,
    0xF7, 0xE0, 0xF7, 0xE0, 0xEF, 0xA0, 0xBE, 0x00, 0x39, 0xC0, 0x26, 0x00, 0xA9, 0x5B, 0x00, 0xC6,
    0x40, 0xF7, 0xE0, 0xF7, 0xE0, 0xF7, 0xE0, 0xF7, 0xE0, 0xF7, 0xE0, 0xF7, 0xE0, 0xF7, 0xE0, 0xF7,
    0xE0, 0xF7, 0xE0, 0xF7, 0xE0, 0xF7, 0xE0, 0xF7, 0xE0, 0xF7, 0xE0, 0xF7, 0xE0, 0xF7, 0xE0, 0xF7,
    0xE0, 0xF7, 0xC0, 0xBE, 0x20, 0x52, 0x80, 0x22, 0x00, 0xA3, 0xF7, 0xE0, 0xF7, 0xE0, 0xF7, 0xE0,
    0xF7, 0xE0, 0xF7, 0xE0, 0xF7, 0xE0, 0xF7, 0xE0, 0xF7, 0xE0, 0xF7, 0xE0, 0xF7, 0xE0, 0xF7, 0xE0,
    0xF7, 0xE0, 0xF7, 0xE0, 0xF7, 0xE0, 0xF7, 0xE0, 0xEF, 0xA0, 0xBD, 0xE0, 0x31, 0xC0, 0x26, 0x00,
    0xA9, 0x5B, 0x00, 0xCE, 0x60, 0xF7, 0xE0, 0xF7, 0xE0, 0xF7, 0xE0, 0xF7, 0xE0, 0xF7, 0xE0, 0xF7,
    0xE0, 0xF7, 0xE0, 0xF7, 0xE0, 0xF7, 0xE0, 0xF7, 0xE0, 0xF7, 0xE0, 0xF7, 0xE0, 0xF7, 0xE0, 0xF7,
    0xE0, 0xF7, 0xE0, 0xF7, 0xE0, 0xF7, 0xC0, 0xC6, 0x20, 0x4A, 0x80, 0x24, 0x00, 0xA1, 0xF7, 0xE0,
    0xF7, 0xE0, 0xF7, 0xE0, 0xF7, 0xE0, 0xF7, 0xE0, 0xF7, 0xE0, 0xF7, 0xE0, 0xF7, 0xE0, 0xF7, 0xE0,
    0xF7, 0xE0, 0xF7, 0xE0, 0xF7, 0xE0, 0xF7, 0xE0, 0xF7, 0xE0, 0xEF, 0xA0, 0xBD, 0xE0, 0x31, 0xA0,
    0x26, 0x00, 0xA9, 0x63, 0x20, 0xC6, 0x60, 0xF7, 0xE0, 0xF7, 0xE0, 0xF7, 0xE0, 0xF7, 0xE0, 0xF7,
    0xE0, 0xF7, 0xE0, 0xF7, 0xE0, 0xF7, 0xE0, 0xF7, 0xE0, 0xF7, 0xE0, 0xF7, 0xE0, 0xF7, 0xE0, 0xF7,
    0xE0, 0xF7, 0xE0, 0xF7, 0xE0, 0xF7, 0xE0, 0xF7, 0xC0, 0xBE, 0x20, 0x4A, 0x60, 0x26, 0x00, 0x9F,
    0xF7, 0xE0, 0xF7, 0xE0, 0xF7, 0xE0, 0xF7, 0xE0, 0xF7, 0xE0, 0xF7, 0xE0, 0xF7, 0xE0, 0xF7, 0xE0,
    0xF7, 0xE0, 0xF7, 0xE0, 0xF7, 0xE0, 0xF7, 0xE0, 0xF7, 0xE0, 0xEF, 0xA0, 0xB5, 0xE0, 0x31, 0x80,
    0x26, 0x00, 0xA9, 0x63, 0x20, 0xCE, 0x80, 0xF7, 0xE0, 0xF7, 0xE0, 0xF7, 0xE0, 0xF7, 0xE0, 0xF7,
    0xE0, 0xF7, 0xE0, 0xF7, 0xE0, 0xF7, 0xE0, 0xF7, 0xE0, 0xF7, 0xE0, 0xF7, 0xE0, 0xF7, 0xE0, 0xF7,
    0xE0, 0xF7, 0xE0, 0xF7, 0xE0, 0xF7, 0xE0, 0xF7, 0xC0, 0xBE, 0x00, 0x4A, 0x40, 0x26, 0x00, 0x9F,
    0x63, 0x40, 0xF7, 0xE0, 0xF7, 0xE0, 0xF7, 0xE0, 0xF7, 0xE0, 0xF7, 0xE0, 0xF7, 0xE0, 0xF7, 0xE0,
    0xF7, 0xE0, 0xF7, 0xE0, 0xF7, 0xE0, 0xF7, 0xE0, 0xF7, 0xE0, 0xEF, 0x80, 0xB5, 0xE0, 0x29, 0x80,
    0x26, 0x00, 0xA9, 0x63, 0x40, 0xCE, 0x60, 0xF7, 0xE0, 0xF7, 0xE0, 0xF7, 0xE0, 0xF7, 0xE0, 0xF7,
    0xE0, 0xF7, 0xE0, 0xF7, 0xE0, 0xF7, 0xE0, 0xF7, 0xE0, 0xF7, 0xE0, 0xF7, 0xE0, 0xF7, 0xE0, 0xF7,
    0xE0, 0xF7, 0xE0, 0xF7, 0xE0, 0xF7, 0xE0, 0xF7, 0xC0, 0xBE, 0x20, 0x42, 0x40, 0x26, 0x00, 0x9F,
    0x6B, 0x60, 0xE7, 0x40, 0xF7, 0xE0, 0xF7, 0xE0, 0xF7, 0xE0, 0xF7, 0xE0, 0xF7, 0xE0, 0xF7, 0xE0,
    0xF7, 0xE0, 0xF7, 0xE0, 0xF7, 0xE0, 0xF7, 0xE0, 0xF7, 0xE0, 0xEF, 0xA0, 0xB5, 0xC0, 0x29, 0x60,
    0x26, 0x00, 0xA9, 0x6B, 0x40, 0xCE, 0x80, 0xF7, 0xE0, 0xF7, 0xE0, 0xF7, 0xE0, 0xF7, 0xE0, 0xF7,
    0xE0, 0xF7, 0xE0, 0xF7, 0xE0, 0xF7, 0xE0, 0xF7, 0xE0, 0xF7, 0xE0, 0xF7, 0xE0, 0xF7, 0xE0, 0xF7,
    0xE0, 0xF7, 0xE0, 0xF7, 0xE0, 0xF7, 0xE0, 0xEF, 0xA0, 0xBE, 0x00, 0x42, 0x20, 0x26, 0x00, 0x9F,
    0x6B, 0x60, 0xE7, 0x60, 0xF7, 0xE0, 0xF7, 0xE0, 0xF7, 0xE0, 0xF7, 0xE0, 0xF7, 0xE0, 0xF7, 0xE0,
    0xF7, 0xE0, 0xF7, 0xE0, 0xF7, 0xE0, 0xF7, 0xE0, 0xF7, 0xE0, 0xEF, 0x80, 0xB5, 0xC0, 0x29, 0x40,
    0x26, 0x00, 0xA8, 0x6B, 0x60, 0xCE, 0x80, 0xF7, 0xE0, 0xF7, 0xE0, 0xF7, 0xE0, 0xF7, 0xE0, 0xF7,
    0xE0, 0xF7, 0xE0, 0xF7, 0xE0, 0xF7, 0xE0, 0xF7, 0xE0, 0xF7, 0xE0, 0xF7, 0xE0, 0xF7, 0xE0, 0xF7,
    0xE0, 0xF7, 0xE0, 0xF7, 0xE0, 0xF7, 0xE0, 0xEF, 0xA0, 0xBE, 0x00, 0x42, 0x27, 0x00, 0x9F, 0x73,
    0xA0, 0xE7, 0x40, 0xF7, 0xE0, 0xF7, 0xE0, 0xF7, 0xE0, 0xF7, 0xE0, 0xF7, 0xE0, 0xF7, 0xE0, 0xF7,
    0xE0, 0xF7, 0xE0, 0xF7, 0xE0, 0xF7, 0xE0, 0xF7, 0xE0, 0xEF, 0x80, 0xB5, 0xA0, 0x21, 0x40, 0x26,
    0x00, 0xA8, 0x6B, 0x80, 0xCE, 0x80, 0xF7, 0xE0, 0xF7, 0xE0, 0xF7, 0xE0, 0xF7, 0xE0, 0xF7, 0xE0,
    0xF7, 0xE0, 0xF7, 0xE0, 0xF7, 0xE0, 0xF7, 0xE0, 0xF7, 0xE0, 0xF7, 0xE0, 0xF7, 0xE0, 0xF7, 0xE0,
    0xF7, 0xE0, 0xF7, 0xE0, 0xF7, 0xE0, 0xEF, 0xA0, 0xBD, 0xE0, 0x3A, 0x27, 0x00, 0x9F, 0x73, 0xA0,
    0xE7, 0x60, 0xF7, 0xE0, 0xF7, 0xE0, 0xF7, 0xE0, 0xF7, 0xE0, 0xF7, 0xE0, 0xF7, 0xE0, 0xF7, 0xE0,
    0xF7, 0xE0, 0xF7, 0xE0, 0xF7, 0xE0, 0xF7, 0xE0, 0xEF, 0x80, 0xB5, 0xA0, 0x21, 0x20, 0x26, 0x00,
    0xA9, 0x6B, 0x80, 0xCE, 0xA0, 0xF7, 0xE0, 0xF7, 0xE0, 0xF7, 0xE0, 0xF7, 0xE0, 0xF7, 0xE0, 0xF7,
    0xE0, 0xF7, 0xE0, 0xF7, 0xE0, 0xF7, 0xE0, 0xF7, 0xE0, 0xF7, 0xE0, 0xF7, 0xE0, 0xF7, 0xE0, 0xF7,
    0xE0, 0xF7, 0xE0, 0xF7, 0xE0, 0xEF, 0xA0, 0xBD, 0xE0, 0x39, 0xE0, 0x26, 0x00, 0x9E, 0x7B, 0xE0,
    0xE7, 0x60, 0xF7, 0xE0, 0xF7, 0xE0, 0xF7, 0xE0, 0xF7, 0xE0, 0xF7, 0xE0, 0xF7, 0xE0, 0xF7, 0xE0,
    0xF7, 0xE0, 0xF7, 0xE0, 0xF7, 0xE0, 0xF7, 0xE0, 0xEF, 0x80, 0xAD, 0xA0, 0x21, 0x27, 0x00, 0xA9,
    0x73, 0xA0, 0xCE, 0xA0, 0xF7, 0xE0, 0xF7, 0xE0, 0xF7, 0xE0, 0xF7, 0xE0, 0xF7, 0xE0, 0xF7, 0xE0,
    0xF7, 0xE0, 0xF7, 0xE0, 0xF7, 0xE0, 0xF7, 0xE0, 0xF7, 0xE0, 0xF7, 0xE0, 0xF7, 0xE0, 0xF7, 0xE0,
    0xF7, 0xE0, 0xF7, 0xE0, 0xEF, 0xA0, 0xB5, 0xE0, 0x39, 0xE0, 0x26, 0x00, 0x9E, 0x7B, 0xE0, 0xEF,
    0x60, 0xF7, 0xE0, 0xF7, 0xE0, 0xF7, 0xE0, 0xF7, 0xE0, 0xF7, 0xE0, 0xF7, 0xE0, 0xF7, 0xE0, 0xF7,
    0xE0, 0xF7, 0xE0, 0xF7, 0xE0, 0xF7, 0xE0, 0xEF, 0x80, 0xAD, 0x80, 0x21, 0x27, 0x00, 0xA9, 0x73,
    0xA0, 0xCE, 0xA0, 0xF7, 0xE0, 0xF7, 0xE0, 0xF7, 0xE0, 0xF7, 0xE0, 0xF7, 0xE0, 0xF7, 0xE0, 0xF7,
    0xE0, 0xF7, 0xE0, 0xF7, 0xE0, 0xF7, 0xE0, 0xF7, 0xE0, 0xF7, 0xE0, 0xF7, 0xE0, 0xF7, 0xE0, 0xF7,
    0xE0, 0xF7, 0xE0, 0xEF, 0xA0, 0xBD, 0xE0, 0x31, 0xC0, 0x26, 0x00, 0x9F, 0x7C, 0x00, 0xE7, 0x60,
    0xF7, 0xE0, 0xF7, 0xE0, 0xF7, 0xE0, 0xF7, 0xE0, 0xF7, 0xE0, 0xF7, 0xE0, 0xF7, 0xE0, 0xF7, 0xE0,
    0xF7, 0xE0, 0xF7, 0xE0, 0xF7, 0xE0, 0xEF, 0x80, 0xAD, 0x80, 0x18, 0xE0, 0x26, 0x00, 0xA9, 0x73,
    0xC0, 0xCE, 0xA0, 0xF7, 0xE0, 0xF7, 0xE0, 0xF7, 0xE0, 0xF7, 0xE0, 0xF7, 0xE0, 0xF7, 0xE0, 0xF7,
    0xE0, 0xF7, 0xE0, 0xF7, 0xE0, 0xF7, 0xE0, 0xF7, 0xE0, 0xF7, 0xE0, 0xF7, 0xE0, 0xF7, 0xE0, 0xF7,
    0xE0, 0xF7, 0xE0, 0xEF, 0xA0, 0xB5, 0xC0, 0x31, 0xA0, 0x26, 0x00, 0x9F, 0x84, 0x20, 0xE7, 0x60,
    0xF7, 0xE0, 0xF7, 0xE0, 0xF7, 0xE0, 0xF7, 0xE0, 0xF7, 0xE0, 0xF7, 0xE0, 0xF7, 0xE0, 0xF7, 0xE0,
    0xF7, 0xE0, 0xF7, 0xE0, 0xF7, 0xE0, 0xEF, 0x80, 0xAD, 0x60, 0x18, 0xE0, 0x26, 0x00, 0xA9, 0x73,
    0xC0, 0xD6, 0xC0, 0xF7, 0xE0, 0xF7, 0xE0, 0xF7, 0xE0, 0xF7, 0xE0, 0xF7, 0xE0, 0xF7, 0xE0, 0xF7,
    0xE0, 0xF7, 0xE0, 0xF7, 0xE0, 0xF7, 0xE0, 0xF7, 0xE0, 0xF7, 0xE0, 0xF7, 0xE0, 0xF7, 0xE0, 0xF7,
    0xE0, 0xF7, 0xE0, 0xEF, 0x80, 0xB5, 0xE0, 0x31, 0x80, 0x26, 0x00, 0x9F, 0x84, 0x20, 0xE7, 0x60,
    0xF7, 0xE0, 0xF7, 0xE0, 0xF7, 0xE0, 0xF7, 0xE0, 0xF7, 0xE0, 0xF7, 0xE0, 0xF7, 0xE0, 0xF7, 0xE0,
    0xF7, 0xE0, 0xF7, 0xE0, 0xF7, 0xE0, 0xEF, 0x60, 0xAD, 0x60, 0x10, 0xC0, 0x25, 0x00, 0xAA, 0x20,
    0x7B, 0xE0, 0xD6, 0xC0, 0xF7, 0xE0, 0xF7, 0xE0, 0xF7, 0xE0, 0xF7, 0xE0, 0xF7, 0xE0, 0xF7, 0xE0,
    0xF7, 0xE0, 0xF7, 0xE0, 0xF7, 0xE0, 0xF7, 0xE0, 0xF7, 0xE0, 0xF7, 0xE0, 0xF7, 0xE0, 0xF7, 0xE0,
    0xF7, 0xE0, 0xF7, 0xE0, 0xEF, 0x80, 0xB5, 0xC0, 0x29, 0x80, 0x26, 0x00, 0x9F, 0x84, 0x40, 0xEF,
    0x60, 0xF7, 0xE0, 0xF7, 0xE0, 0xF7, 0xE0, 0xF7, 0xE0, 0xF7, 0xE0, 0xF7, 0xE0, 0xF7, 0xE0, 0xF7,
    0xE0, 0xF7, 0xE0, 0xF7, 0xE0, 0xF7, 0xE0, 0xEF, 0x60, 0xA5, 0x40, 0x10, 0xA0, 0x25, 0x00, 0xAA,
    0x20, 0x7B, 0xE0, 0xD6, 0xC0, 0xF7, 0xE0, 0xF7, 0xE0, 0xF7, 0xE0, 0xF7, 0xE0, 0xF7, 0xE0, 0xF7,
    0xE0, 0xF7, 0xE0, 0xF7, 0xE0, 0xF7, 0xE0, 0xF7, 0xE0, 0xF7, 0xE0, 0xF7, 0xE0, 0xF7, 0xE0, 0xF7,
    0xE0, 0xF7, 0xE0, 0xF7, 0xE0, 0xEF, 0x80, 0xB5, 0xA0, 0x29, 0x60, 0x26, 0x00, 0x9F, 0x8C, 0x60,
    0xEF, 0x80, 0xF7, 0xE0, 0xF7, 0xE0, 0xF7, 0xE0, 0xF7, 0xE0, 0xF7, 0xE0, 0xF7, 0xE0, 0xF7, 0xE0,
    0xF7, 0xE0, 0xF7, 0xE0, 0xF7, 0xE0, 0xF7, 0xE0, 0xE7, 0x60, 0xA5, 0x40, 0x10, 0xA0, 0x25, 0x00,
    0xAA, 0x20, 0x7C, 0x00, 0xD6, 0xC0, 0xF7, 0xE0, 0xF7, 0xE0, 0xF7, 0xE0, 0xF7, 0xE0, 0xF7, 0xE0,
    0xF7, 0xE0, 0xF7, 0xE0, 0xF7, 0xE0, 0xF7, 0xE0, 0xF7, 0xE0, 0xF7, 0xE0, 0xF7, 0xE0, 0xF7, 0xE0,
    0xF7, 0xE0, 0xF7, 0xE0, 0xF7, 0xE0, 0xEF, 0x80, 0xAD, 0xA0, 0x29, 0x60, 0x26, 0x00, 0x9F, 0x8C,
    0x80, 0xEF, 0x80, 0xF7, 0xE0, 0xF7, 0xE0, 0xF7, 0xE0, 0xF7, 0xE0, 0xF7, 0xE0, 0xF7, 0xE0, 0xF7,
    0xE0, 0xF7, 0xE0, 0xF7, 0xE0, 0xF7, 0xE0, 0xF7, 0xE0, 0xE7, 0x60, 0xA5, 0x40, 0x10, 0x80, 0x24,
    0x00, 0xAB, 0x08, 0x40, 0x7C, 0x00, 0xD6, 0xE0, 0xF7, 0xE0, 0xF7, 0xE0, 0xF7, 0xE0, 0xF7, 0xE0,
    0xF7, 0xE0, 0xF7, 0xE0, 0xF7, 0xE0, 0xF7, 0xE0, 0xF7, 0xE0, 0xF7, 0xE0, 0xF7, 0xE0, 0xF7, 0xE0,
    0xF7, 0xE0, 0xF7, 0xE0, 0xF7, 0xE0, 0xF7, 0xE0, 0xEF, 0x80, 0xB5, 0xA0, 0x29, 0x40, 0x26, 0x00,
    0x9F, 0x8C, 0x80, 0xEF, 0x80, 0xF7, 0xE0, 0xF7, 0xE0, 0xF7, 0xE0, 0xF7, 0xE0, 0xF7, 0xE0, 0xF7,
    0xE0, 0xF7, 0xE0, 0xF7, 0xE0, 0xF7, 0xE0, 0xF7, 0xE0, 0xF7, 0xE0, 0xF7, 0xE0, 0x9D, 0x20, 0x08,
    0x80, 0x24, 0x00, 0xAB, 0x08, 0x40, 0x84, 0x20, 0xD6, 0xC0, 0xF7, 0xE0, 0xF7, 0xE0, 0xF7, 0xE0,
    0xF7, 0xE0, 0xF7, 0xE0, 0xF7, 0xE0, 0xF7, 0xE0, 0xF7, 0xE0, 0xF7, 0xE0, 0xF7, 0xE0, 0xF7, 0xE0,
    0xF7, 0xE0, 0xF7, 0xE0, 0xF7, 0xE0, 0xF7, 0xE0, 0xF7, 0xE0, 0xEF, 0x80, 0xAD, 0x80, 0x21, 0x20,
    0x26, 0x00, 0x9F, 0x94, 0xA0, 0xEF, 0x80, 0xF7, 0xE0, 0xF7, 0xE0, 0xF7, 0xE0, 0xF7, 0xE0, 0xF7,
    0xE0, 0xF7, 0xE0, 0xF7, 0xE0, 0xF7, 0xE0, 0xF7, 0xE0, 0xF7, 0xE0, 0xF7, 0xE0, 0xF7, 0xE0, 0xF7,
    0xE0, 0x08, 0x60, 0x24, 0x00, 0xAB, 0x08, 0x60, 0x84, 0x20, 0xD6, 0xE0, 0xF7, 0xE0, 0xF7, 0xE0,
    0xF7, 0xE0, 0xF7, 0xE0, 0xF7, 0xE0, 0xF7, 0xE0, 0xF7, 0xE0, 0xF7, 0xE0, 0xF7, 0xE0, 0xF7, 0xE0,
    0xF7, 0xE0, 0xF7, 0xE0, 0xF7, 0xE0, 0xF7, 0xE0, 0xF7, 0xE0, 0xF7, 0xE0, 0xEF, 0x80, 0xAD, 0x80,
    0x21, 0x20, 0x26, 0x00, 0x9F, 0x94, 0xC0, 0xEF, 0x80, 0xF7, 0xE0, 0xF7, 0xE0, 0xF7, 0xE0, 0xF7,
    0xE0, 0xF7, 0xE0, 0xF7, 0xE0, 0xF7, 0xE0, 0xF7, 0xE0, 0xF7, 0xE0, 0xF7, 0xE0, 0xF7, 0xE0, 0xF7,
    0xE0, 0xF7, 0xE0, 0xF7, 0xE0, 0x24, 0x00, 0xAA, 0x08, 0x60, 0x84, 0x40, 0xD6, 0xE0, 0xF7, 0xE0,
    0xF7, 0xE0, 0xF7, 0xE0, 0xF7, 0xE0, 0xF7, 0xE0, 0xF7, 0xE0, 0xF7, 0xE0, 0xF7, 0xE0, 0xF7, 0xE0,
    0xF7, 0xE0, 0xF7, 0xE0, 0xF7, 0xE0, 0xF7, 0xE0, 0xF7, 0xE0, 0xF7, 0xE0, 0xF7, 0xE0, 0xEF, 0x80,
    0xAD, 0x80, 0x21, 0x27, 0x00, 0xA1, 0x9C, 0xE0, 0xEF, 0x80, 0xF7, 0xE0, 0xF7, 0xE0, 0xF7, 0xE0,
    0xF7, 0xE0, 0xF7, 0xE0, 0xF7, 0xE0, 0xF7, 0xE0, 0xF7, 0xE0, 0xF7, 0xE0, 0xF7, 0xE0, 0xF7, 0xE0,
    0xF7, 0xE0, 0xF7, 0xE0, 0xF7, 0xE0, 0xF7, 0xE0, 0x22, 0x00, 0xAB, 0x08, 0x80, 0x84, 0x40, 0xDF,
    0x00, 0xF7, 0xE0, 0xF7, 0xE0, 0xF7, 0xE0, 0xF7, 0xE0, 0xF7, 0xE0, 0xF7, 0xE0, 0xF7, 0xE0, 0xF7,
    0xE0, 0xF7, 0xE0, 0xF7, 0xE0, 0xF7, 0xE0, 0xF7, 0xE0, 0xF7, 0xE0, 0xF7, 0xE0, 0xF7, 0xE0, 0xF7,
    0xE0, 0xEF, 0x80, 0xAD, 0x60, 0x18, 0xE0, 0x25, 0x00, 0xA4, 0x20, 0x9C, 0xE0, 0xEF, 0x80, 0xF7,
    0xE0, 0xF7, 0xE0, 0xF7, 0xE0, 0xF7, 0xE0, 0xF7, 0xE0, 0xF7, 0xE0, 0xF7, 0xE0, 0xF7, 0xE0, 0xF7,
    0xE0, 0xF7, 0xE0, 0xF7, 0xE0, 0xF7, 0xE0, 0xF7, 0xE0, 0xF7, 0xE0, 0xF7, 0xE0, 0xF7, 0xE0, 0x20,
    0x00, 0xAB, 0x10, 0x80, 0x8C, 0x60, 0xDE, 0xE0, 0xF7, 0xE0, 0xF7, 0xE0, 0xF7, 0xE0, 0xF7, 0xE0,
    0xF7, 0xE0, 0xF7, 0xE0, 0xF7, 0xE0, 0xF7, 0xE0, 0xF7, 0xE0, 0xF7, 0xE0, 0xF7, 0xE0, 0xF7, 0xE0,
    0xF7, 0xE0, 0xF7, 0xE0, 0xF7, 0xE0, 0xF7, 0xE0, 0xE7, 0x60, 0xAD, 0x60, 0x18, 0xE0, 0x24, 0x00,
    0xA7, 0x08, 0x40, 0x9D, 0x00, 0xEF, 0x80, 0xF7, 0xE0, 0xF7, 0xE0, 0xF7, 0xE0, 0xF7, 0xE0, 0xF7,
    0xE0, 0xF7, 0xE0, 0xF7, 0xE0, 0xF7, 0xE0, 0xF7, 0xE0, 0xF7, 0xE0, 0xF7, 0xE0, 0xF7, 0xE0, 0xF7,
    0xE0, 0xF7, 0xE0, 0xF7, 0xE0, 0xF7, 0xE0, 0xDF, 0x20, 0x1E, 0x00, 0xAB, 0x10, 0xA0, 0x8C, 0x60,
    0xDF, 0x00, 0xF7, 0xE0, 0xF7, 0xE0, 0xF7, 0xE0, 0xF7, 0xE0, 0xF7, 0xE0, 0xF7, 0xE0, 0xF7, 0xE0,
    0xF7, 0xE0, 0xF7, 0xE0, 0xF7, 0xE0, 0xF7, 0xE0, 0xF7, 0xE0, 0xF7, 0xE0, 0xF7, 0xE0, 0xF7, 0xE0,
    0xF7, 0xE0, 0xEF, 0x60, 0xA5, 0x40, 0x18, 0xC0, 0x24, 0x00, 0xA9, 0x08, 0x40, 0x9D, 0x00, 0xEF,
    0x80, 0xF7, 0xE0, 0xF7, 0xE0, 0xF7, 0xE0, 0xF7, 0xE0, 0xF7, 0xE0, 0xF7, 0xE0, 0xF7, 0xE0, 0xF7,
    0xE0, 0xF7, 0xE0, 0xF7, 0xE0, 0xF7, 0xE0, 0xF7, 0xE0, 0xF7, 0xE0, 0xF7, 0xE0, 0xF7, 0xE0, 0xF7,
    0xE0, 0xDF, 0x20, 0x84, 0x40, 0x1C, 0x00, 0xAB, 0x10, 0xA0, 0x8C, 0x60, 0xDF, 0x00, 0xF7, 0xE0,
    0xF7, 0xE0, 0xF7, 0xE0, 0xF7, 0xE0, 0xF7, 0xE0, 0xF7, 0xE0, 0xF7, 0xE0, 0xF7, 0xE0, 0xF7, 0xE0,
    0xF7, 0xE0, 0xF7, 0xE0, 0xF7, 0xE0, 0xF7, 0xE0, 0xF7, 0xE0, 0xF7, 0xE0, 0xF7, 0xE0, 0xE7, 0x60,
    0xA5, 0x40, 0x10, 0xC0, 0x24, 0x00, 0xAB, 0x08, 0x40, 0xA5, 0x20, 0xEF, 0x80, 0xF7, 0xE0, 0xF7,
    0xE0, 0xF7, 0xE0, 0xF7, 0xE0, 0xF7, 0xE0, 0xF7, 0xE0, 0xF7, 0xE0, 0xF7, 0xE0, 0xF7, 0xE0, 0xF7,
    0xE0, 0xF7, 0xE0, 0xF7, 0xE0, 0xF7, 0xE0, 0xF7, 0xE0, 0xF7, 0xE0, 0xF7, 0xE0, 0xDF, 0x00, 0x84,
    0x40, 0x18, 0xE0, 0x1A, 0x00, 0xAB, 0x10, 0xA0, 0x8C, 0x80, 0xDF, 0x00, 0xF7, 0xE0, 0xF7, 0xE0,
    0xF7, 0xE0, 0xF7, 0xE0, 0xF7, 0xE0, 0xF7, 0xE0, 0xF7, 0xE0, 0xF7, 0xE0, 0xF7, 0xE0, 0xF7, 0xE0,
    0xF7, 0xE0, 0xF7, 0xE0, 0xF7, 0xE0, 0xF7, 0xE0, 0xF7, 0xE0, 0xF7, 0xE0, 0xE7, 0x60, 0xA5, 0x40,
    0x10, 0xA0, 0x24, 0x00, 0xAB, 0x08, 0x60, 0xA5, 0x40, 0xEF, 0x80, 0xF7, 0xE0, 0xF7, 0xE0, 0xF7,
    0xE0, 0xF7, 0xE0, 0xF7, 0xE0, 0xF7, 0xE0, 0xF7, 0xE0, 0xF7, 0xE0, 0xF7, 0xE0, 0xF7, 0xE0, 0xF7,
    0xE0, 0xF7, 0xE0, 0xF7, 0xE0, 0xF7, 0xE0, 0xF7, 0xE0, 0xF7, 0xE0, 0xDF, 0x00, 0x84, 0x20, 0x18,
    0xE0, 0x1A, 0x00, 0xAB, 0x18, 0xC0, 0x8C, 0x80, 0xDF, 0x20, 0xF7, 0xE0, 0xF7, 0xE0, 0xF7, 0xE0,
    0xF7, 0xE0, 0xF7, 0xE0, 0xF7, 0xE0, 0xF7, 0xE0, 0xF7, 0xE0, 0xF7, 0xE0, 0xF7, 0xE0, 0xF7, 0xE0,
    0xF7, 0xE0, 0xF7, 0xE0, 0xF7, 0xE0, 0xF7, 0xE0, 0xF7, 0xE0, 0xE7, 0x60, 0xA5, 0x20, 0x10, 0xA0,
    0x24, 0x00, 0xAB, 0x08, 0x60, 0xA5, 0x60, 0xEF, 0x80, 0xF7, 0xE0, 0xF7, 0xE0, 0xF7, 0xE0, 0xF7,
    0xE0, 0xF7, 0xE0, 0xF7, 0xE0, 0xF7, 0xE0, 0xF7, 0xE0, 0xF7, 0xE0, 0xF7, 0xE0, 0xF7, 0xE0, 0xF7,
    0xE0, 0xF7, 0xE0, 0xF7, 0xE0, 0xF7, 0xE0, 0xF7, 0xE0, 0xDF, 0x00, 0x84, 0x20, 0x18, 0xE0, 0x1A,
    0x00, 0xAB, 0x18, 0xC0, 0x94, 0xA0, 0xDF, 0x20, 0xF7, 0xE0, 0xF7, 0xE0, 0xF7, 0xE0, 0xF7, 0xE0,
    0xF7, 0xE0, 0xF7, 0xE0, 0xF7, 0xE0, 0xF7, 0xE0, 0xF7, 0xE0, 0xF7, 0xE0, 0xF7, 0xE0, 0xF7, 0xE0,
    0xF7, 0xE0, 0xF7, 0xE0, 0xF7, 0xE0, 0xF7, 0xE0, 0xE7, 0x60, 0x9D, 0x20, 0x10, 0x80, 0x24, 0x00,
    0xAB, 0x10, 0x80, 0xAD, 0x60, 0xEF, 0x80, 0xF7, 0xE0, 0xF7, 0xE0, 0xF7, 0xE0, 0xF7, 0xE0, 0xF7,
    0xE0, 0xF7, 0xE0, 0xF7, 0xE0, 0xF7, 0xE0, 0xF7, 0xE0, 0xF7, 0xE0, 0xF7, 0xE0, 0xF7, 0xE0, 0xF7,
    0xE0, 0xF7, 0xE0, 0xF7, 0xE0, 0xF7, 0xE0, 0xDF, 0x00, 0x84, 0x20, 0x18, 0xC0, 0x1A, 0x00, 0xAB,
    0x18, 0xE0, 0x8C, 0x80, 0xDF, 0x20, 0xF7, 0xE0, 0xF7, 0xE0, 0xF7, 0xE0, 0xF7, 0xE0, 0xF7, 0xE0,
    0xF7, 0xE0, 0xF7, 0xE0, 0xF7, 0xE0, 0xF7, 0xE0, 0xF7, 0xE0, 0xF7, 0xE0, 0xF7, 0xE0, 0xF7, 0xE0,
    0xF7, 0xE0, 0xF7, 0xE0, 0xF7, 0xE0, 0xE7, 0x40, 0x9D, 0x00, 0x08, 0x80, 0x24, 0x00, 0xAB, 0x10,
    0xA0, 0xAD, 0x80, 0xEF, 0x80, 0xF7, 0xE0, 0xF7, 0xE0, 0xF7, 0xE0, 0xF7, 0xE0, 0xF7, 0xE0, 0xF7,
    0xE0, 0xF7, 0xE0, 0xF7, 0xE0, 0xF7, 0xE0, 0xF7, 0xE0, 0xF7, 0xE0, 0xF7, 0xE0, 0xF7, 0xE0, 0xF7,
    0xE0, 0xF7, 0xE0, 0xF7, 0xE0, 0xD6, 0xE0, 0x7C, 0x00, 0x10, 0xC0, 0x1A, 0x00, 0xAB, 0x18, 0xE0,
    0x94, 0xC0, 0xDF, 0x20, 0xF7, 0xE0, 0xF7, 0xE0, 0xF7, 0xE0, 0xF7, 0xE0, 0xF7, 0xE0, 0xF7, 0xE0,
    0xF7, 0xE0, 0xF7, 0xE0, 0xF7, 0xE0, 0xF7, 0xE0, 0xF7, 0xE0, 0xF7, 0xE0, 0xF7, 0xE0, 0xF7, 0xE0,
    0xF7, 0xE0, 0xF7, 0xE0, 0xE7, 0x60, 0x9C, 0xE0, 0x08, 0x60, 0x24, 0x00, 0xAB, 0x10, 0xA0, 0xAD,
    0x80, 0xEF, 0x80, 0xF7, 0xE0, 0xF7, 0xE0, 0xF7, 0xE0, 0xF7, 0xE0, 0xF7, 0xE0, 0xF7, 0xE0, 0xF7,
    0xE0, 0xF7, 0xE0, 0xF7, 0xE0, 0xF7, 0xE0, 0xF7, 0xE0, 0xF7, 0xE0, 0xF7, 0xE0, 0xF7, 0xE0, 0xF7,
    0xE0, 0xF7, 0xE0, 0xD6, 0xE0, 0x84, 0x20, 0x10, 0xA0, 0x1A, 0x00, 0xAB, 0x21, 0x00, 0x94, 0xA0,
    0xE7, 0x40, 0xF7, 0xE0, 0xF7, 0xE0, 0xF7, 0xE0, 0xF7, 0xE0, 0xF7, 0xE0, 0xF7, 0xE0, 0xF7, 0xE0,
    0xF7, 0xE0, 0xF7, 0xE0, 0xF7, 0xE0, 0xF7, 0xE0, 0xF7, 0xE0, 0xF7, 0xE0, 0xF7, 0xE0, 0xF7, 0xE0,
    0xF7, 0xE0, 0xE7, 0x40, 0x9C, 0xE0, 0x08, 0x60, 0x24, 0x00, 0xAB, 0x10, 0xC0, 0xAD, 0xA0, 0xEF,
    0xA0, 0xF7, 0xE0, 0xF7, 0xE0, 0xF7, 0xE0, 0xF7, 0xE0, 0xF7, 0xE0, 0xF7, 0xE0, 0xF7, 0xE0, 0xF7,
    0xE0, 0xF7, 0xE0, 0xF7, 0xE0, 0xF7, 0xE0, 0xF7, 0xE0, 0xF7, 0xE0, 0xF7, 0xE0, 0xF7, 0xE0, 0xF7,
    0xE0, 0xD6, 0xE0, 0x7B, 0xE0, 0x10, 0xA0, 0x1A, 0x00, 0xAB, 0x21, 0x00, 0x94, 0xC0, 0xE7, 0x40,
    0xF7, 0xE0, 0xF7, 0xE0, 0xF7, 0xE0, 0xF7, 0xE0, 0xF7, 0xE0, 0xF7, 0xE0, 0xF7, 0xE0, 0xF7, 0xE0,
    0xF7, 0xE0, 0xF7, 0xE0, 0xF7, 0xE0, 0xF7, 0xE0, 0xF7, 0xE0, 0xF7, 0xE0, 0xF7, 0xE0, 0xF7, 0xE0,
    0xE7, 0x40, 0x94, 0xC0, 0x08, 0x40, 0x24, 0x00, 0xAB, 0x18, 0xC0, 0xB5, 0xA0, 0xEF, 0xA0, 0xF7,
    0xE0, 0xF7, 0xE0, 0xF7, 0xE0, 0xF7, 0xE0, 0xF7, 0xE0, 0xF7, 0xE0, 0xF7, 0xE0, 0xF7, 0xE0, 0xF7,
    0xE0, 0xF7, 0xE0, 0xF7, 0xE0, 0xF7, 0xE0, 0xF7, 0xE0, 0xF7, 0xE0, 0xF7, 0xE0, 0xF7, 0xE0, 0xD6,
    0xC0, 0x7C, 0x00, 0x10, 0x80, 0x1A, 0x00, 0xAB, 0x21, 0x20, 0x94, 0xC0, 0xE7, 0x40, 0xF7, 0xE0,
    0xF7, 0xE0, 0xF7, 0xE0, 0xF7, 0xE0, 0xF7, 0xE0, 0xF7, 0xE0, 0xF7, 0xE0, 0xF7, 0xE0, 0xF7, 0xE0,
    0xF7, 0xE0, 0xF7, 0xE0, 0xF7, 0xE0, 0xF7, 0xE0, 0xF7, 0xE0, 0xF7, 0xE0, 0xF7, 0xE0, 0xE7, 0x40,
    0x94, 0xC0, 0x08, 0x40, 0x24, 0x00, 0xAB, 0x18, 0xE0, 0xB5, 0xC0, 0xEF, 0xA0, 0xF7, 0xE0, 0xF7,
    0xE0, 0xF7, 0xE0, 0xF7, 0xE0, 0xF7, 0xE0, 0xF7, 0xE0, 0xF7, 0xE0, 0xF7, 0xE0, 0xF7, 0xE0, 0xF7,
    0xE0, 0xF7, 0xE0, 0xF7, 0xE0, 0xF7, 0xE0, 0xF7, 0xE0, 0xF7, 0xE0, 0xF7, 0xE0, 0xD6, 0xC0, 0x73,
    0xC0, 0x10, 0x80, 0x1A, 0x00, 0xAB, 0x21, 0x20, 0x9C, 0xE0, 0xE7, 0x40, 0xF7, 0xE0, 0xF7, 0xE0,
    0xF7, 0xE0, 0xF7, 0xE0, 0xF7, 0xE0, 0xF7, 0xE0, 0xF7, 0xE0, 0xF7, 0xE0, 0xF7, 0xE0, 0xF7, 0xE0,
    0xF7, 0xE0, 0xF7, 0xE0, 0xF7, 0xE0, 0xF7, 0xE0, 0xF7, 0xE0, 0xF7, 0xE0, 0xE7, 0x40, 0x94, 0xA0,
    0x00, 0x20, 0x24, 0x00, 0xAB, 0x19, 0x00, 0xB5, 0xC0, 0xEF, 0xA0, 0xF7, 0xE0, 0xF7, 0xE0, 0xF7,
    0xE0, 0xF7, 0xE0, 0xF7, 0xE0, 0xF7, 0xE0, 0xF7, 0xE0, 0xF7, 0xE0, 0xF7, 0xE0, 0xF7, 0xE0, 0xF7,
    0xE0, 0xF7, 0xE0, 0xF7, 0xE0, 0xF7, 0xE0, 0xF7, 0xE0, 0xF7, 0xE0, 0xCE, 0xA0, 0x7C, 0x00, 0x08,
    0x60, 0x1A, 0x00, 0xAB, 0x29, 0x40, 0x94, 0xC0, 0xE7, 0x60, 0xF7, 0xE0, 0xF7, 0xE0, 0xF7, 0xE0,
    0xF7, 0xE0, 0xF7, 0xE0, 0xF7, 0xE0, 0xF7, 0xE0, 0xF7, 0xE0, 0xF7, 0xE0, 0xF7, 0xE0, 0xF7, 0xE0,
    0xF7, 0xE0, 0xF7, 0xE0, 0xF7, 0xE0, 0xF7, 0xE0, 0xF7, 0xE0, 0xE7, 0x40, 0x8C, 0xA0, 0x00, 0x20,
    0x24, 0x00, 0xAB, 0x21, 0x00, 0xB5, 0xE0, 0xEF, 0xA0, 0xF7, 0xE0, 0xF7, 0xE0, 0xF7, 0xE0, 0xF7,
    0xE0, 0xF7, 0xE0, 0xF7, 0xE0, 0xF7, 0xE0, 0xF7, 0xE0, 0xF7, 0xE0, 0xF7, 0xE0, 0xF7, 0xE0, 0xF7,
    0xE0, 0xF7, 0xE0, 0xF7, 0xE0, 0xF7, 0xE0, 0xF7, 0xE0, 0xD6, 0xC0, 0x73, 0xC0, 0x08, 0x60, 0x1A,
    0x00, 0xA9, 0x29, 0x40, 0x9D, 0x00, 0xE7, 0x60, 0xF7, 0xE0, 0xF7, 0xE0, 0xF7, 0xE0, 0xF7, 0xE0,
    0xF7, 0xE0, 0xF7, 0xE0, 0xF7, 0xE0, 0xF7, 0xE0, 0xF7, 0xE0, 0xF7, 0xE0, 0xF7, 0xE0, 0xF7, 0xE0,
    0xF7, 0xE0, 0xF7, 0xE0, 0xF7, 0xE0, 0xF7, 0xE0, 0xE7, 0x40, 0x8C, 0x80, 0x26, 0x00, 0xAB, 0x21,
    0x20, 0xB5, 0xE0, 0xEF, 0xA0, 0xF7, 0xE0, 0xF7, 0xE0, 0xF7, 0xE0, 0xF7, 0xE0, 0xF7, 0xE0, 0xF7,
    0xE0, 0xF7, 0xE0, 0xF7, 0xE0, 0xF7, 0xE0, 0xF7, 0xE0, 0xF7, 0xE0, 0xF7, 0xE0, 0xF7, 0xE0, 0xF7,
    0xE0, 0xF7, 0xE0, 0xF7, 0xE0, 0xCE, 0x80, 0x7B, 0xE0, 0x08, 0x60, 0x1A, 0x00, 0xA9, 0x29, 0x60,
    0x9C, 0xE0, 0xE7, 0x60, 0xF7, 0xE0, 0xF7, 0xE0, 0xF7, 0xE0, 0xF7, 0xE0, 0xF7, 0xE0, 0xF7, 0xE0,
    0xF7, 0xE0, 0xF7, 0xE0, 0xF7, 0xE0, 0xF7, 0xE0, 0xF7, 0xE0, 0xF7, 0xE0, 0xF7, 0xE0, 0xF7, 0xE0,
    0xF7, 0xE0, 0xF7, 0xE0, 0xE7, 0x20, 0x8C, 0x60, 0x26, 0x00, 0xAB, 0x21, 0x40, 0xBD, 0xE0, 0xEF,
    0xA0, 0xF7, 0xE0, 0xF7, 0xE0, 0xF7, 0xE0, 0xF7, 0xE0, 0xF7, 0xE0, 0xF7, 0xE0, 0xF7, 0xE0, 0xF7,
    0xE0, 0xF7, 0xE0, 0xF7, 0xE0, 0xF7, 0xE0, 0xF7, 0xE0, 0xF7, 0xE0, 0xF7, 0xE0, 0xF7, 0xE0, 0xF7,
    0xE0, 0xCE, 0xA0, 0x73, 0xA0, 0x08, 0x40, 0x1A, 0x00, 0xA9, 0x29, 0x60, 0x9D, 0x00, 0xEF, 0x60,
    0xF7, 0xE0, 0xF7, 0xE0, 0xF7, 0xE0, 0xF7, 0xE0, 0xF7, 0xE0, 0xF7, 0xE0, 0xF7, 0xE0, 0xF7, 0xE0,
    0xF7, 0xE0, 0xF7, 0xE0, 0xF7, 0xE0, 0xF7, 0xE0, 0xF7, 0xE0, 0xF7, 0xE0, 0xF7, 0xE0, 0xF7, 0xE0,
    0xE7, 0x40, 0x84, 0x40, 0x26, 0x00, 0xAB, 0x29, 0x40, 0xBE, 0x00, 0xEF, 0xA0, 0xF7, 0xE0, 0xF7,
    0xE0, 0xF7, 0xE0, 0xF7, 0xE0, 0xF7, 0xE0, 0xF7, 0xE0, 0xF7, 0xE0, 0xF7, 0xE0, 0xF7, 0xE0, 0xF7,
    0xE0, 0xF7, 0xE0, 0xF7, 0xE0, 0xF7, 0xE0, 0xF7, 0xE0, 0xF7, 0xE0, 0xF7, 0xE0, 0xCE, 0x80, 0x73,
    0xC0, 0x08, 0x40, 0x1A, 0x00, 0xA9, 0x29, 0x80, 0x9D, 0x00, 0xEF, 0x80, 0xF7, 0xE0, 0xF7, 0xE0,
    0xF7, 0xE0, 0xF7, 0xE0, 0xF7, 0xE0, 0xF7, 0xE0, 0xF7, 0xE0, 0xF7, 0xE0, 0xF7, 0xE0, 0xF7, 0xE0,
    0xF7, 0xE0, 0xF7, 0xE0, 0xF7, 0xE0, 0xF7, 0xE0, 0xF7, 0xE0, 0xF7, 0xE0, 0xE7, 0x20, 0x84, 0x40,
    0x26, 0x00, 0xAB, 0x29, 0x60, 0xBE, 0x00, 0xEF, 0xA0, 0xF7, 0xE0, 0xF7, 0xE0, 0xF7, 0xE0, 0xF7,
    0xE0, 0xF7, 0xE0, 0xF7, 0xE0, 0xF7, 0xE0, 0xF7, 0xE0, 0xF7, 0xE0, 0xF7, 0xE0, 0xF7, 0xE0, 0xF7,
    0xE0, 0xF7, 0xE0, 0xF7, 0xE0, 0xF7, 0xE0, 0xF7, 0xE0, 0xCE, 0x80, 0x6B, 0x80, 0x08, 0x40, 0x1C,
    0x00, 0xA7, 0x9D, 0x00, 0xEF, 0x80, 0xF7, 0xE0, 0xF7, 0xE0, 0xF7, 0xE0, 0xF7, 0xE0, 0xF7, 0xE0,
    0xF7, 0xE0, 0xF7, 0xE0, 0xF7, 0xE0, 0xF7, 0xE0, 0xF7, 0xE0, 0xF7, 0xE0, 0xF7, 0xE0, 0xF7, 0xE0,
    0xF7, 0xE0, 0xF7, 0xE0, 0xF7, 0xE0, 0xE7, 0x20, 0x84, 0x20, 0x26, 0x00, 0xAB, 0x29, 0x80, 0xBE,
    0x00, 0xEF, 0xA0, 0xF7, 0xE0, 0xF7, 0xE0, 0xF7, 0xE0, 0xF7, 0xE0, 0xF7, 0xE0, 0xF7, 0xE0, 0xF7,
    0xE0, 0xF7, 0xE0, 0xF7, 0xE0, 0xF7, 0xE0, 0xF7, 0xE0, 0xF7, 0xE0, 0xF7, 0xE0, 0xF7, 0xE0, 0xF7,
    0xE0, 0xF7, 0xE0, 0xCE, 0x80, 0x6B, 0x80, 0x00, 0x20, 0x1E, 0x00, 0xA4, 0xEF, 0x80, 0xF7, 0xE0,
    0xF7, 0xE0, 0xF7, 0xE0, 0xF7, 0xE0, 0xF7, 0xE0, 0xF7, 0xE0, 0xF7, 0xE0, 0xF7, 0xE0, 0xF7, 0xE0,
    0xF7, 0xE0, 0xF7, 0xE0, 0xF7, 0xE0, 0xF7, 0xE0, 0xF7, 0xE0, 0xF7, 0xE0, 0xF7, 0xE0, 0xE7, 0x20,
    0x7C, 0x27, 0x00, 0xAB, 0x31, 0x80, 0xBE, 0x20, 0xEF, 0xA0, 0xF7, 0xE0, 0xF7, 0xE0, 0xF7, 0xE0,
    0xF7, 0xE0, 0xF7, 0xE0, 0xF7, 0xE0, 0xF7, 0xE0, 0xF7, 0xE0, 0xF7, 0xE0, 0xF7, 0xE0, 0xF7, 0xE0,
    0xF7, 0xE0, 0xF7, 0xE0, 0xF7, 0xE0, 0xF7, 0xE0, 0xF7, 0xE0, 0xCE, 0x60, 0x6B, 0x80, 0x00, 0x20,
    0x20, 0x00, 0xA2, 0xF7, 0xE0, 0xF7, 0xE0, 0xF7, 0xE0, 0xF7, 0xE0, 0xF7, 0xE0, 0xF7, 0xE0, 0xF7,
    0xE0, 0xF7, 0xE0, 0xF7, 0xE0, 0xF7, 0xE0, 0xF7, 0xE0, 0xF7, 0xE0, 0xF7, 0xE0, 0xF7, 0xE0, 0xF7,
    0xE0, 0xF7, 0xE0, 0xDF, 0x20, 0x7C, 0x27, 0x00, 0xAB, 0x31, 0xA0, 0xC6, 0x20, 0xEF, 0xA0, 0xF7,
    0xE0, 0xF7, 0xE0, 0xF7, 0xE0, 0xF7, 0xE0, 0xF7, 0xE0, 0xF7, 0xE0, 0xF7, 0xE0, 0xF7, 0xE0, 0xF7,
    0xE0, 0xF7, 0xE0, 0xF7, 0xE0, 0xF7, 0xE0, 0xF7, 0xE0, 0xF7, 0xE0, 0xF7, 0xE0, 0xF7, 0xE0, 0xCE,
    0x60, 0x6B, 0x60, 0x00, 0x20, 0x22, 0x00, 0xA1, 0xF7, 0xE0, 0xF7, 0xE0, 0xF7, 0xE0, 0xF7, 0xE0,
    0xF7, 0xE0, 0xF7, 0xE0, 0xF7, 0xE0, 0xF7, 0xE0, 0xF7, 0xE0, 0xF7, 0xE0, 0xF7, 0xE0, 0xF7, 0xE0,
    0xF7, 0xE0, 0xF7, 0xE0, 0xF7, 0xE0, 0xDF, 0x20, 0x7B, 0xE0, 0x26, 0x00, 0xA9, 0x31, 0xA0, 0xC6,
    0x20, 0xEF, 0xA0, 0xF7, 0xE0, 0xF7, 0xE0, 0xF7, 0xE0, 0xF7, 0xE0, 0xF7, 0xE0, 0xF7, 0xE0, 0xF7,
    0xE0, 0xF7, 0xE0, 0xF7, 0xE0, 0xF7, 0xE0, 0xF7, 0xE0, 0xF7, 0xE0, 0xF7, 0xE0, 0xF7, 0xE0, 0xF7,
    0xE0, 0xF7, 0xE0, 0xC6, 0x40, 0x6B, 0x60, 0x24, 0x00, 0xA1, 0x63, 0x00, 0xF7, 0xE0, 0xF7, 0xE0,
    0xF7, 0xE0, 0xF7, 0xE0, 0xF7, 0xE0, 0xF7, 0xE0, 0xF7, 0xE0, 0xF7, 0xE0, 0xF7, 0xE0, 0xF7, 0xE0,
    0xF7, 0xE0, 0xF7, 0xE0, 0xF7, 0xE0, 0xF7, 0xE0, 0xDF, 0x20, 0x73, 0xC0, 0x26, 0x00, 0xA9, 0x39,
    0xE0, 0xC6, 0x20, 0xEF, 0xA0, 0xF7, 0xE0, 0xF7, 0xE0, 0xF7, 0xE0, 0xF7, 0xE0, 0xF7, 0xE0, 0xF7,
    0xE0, 0xF7, 0xE0, 0xF7, 0xE0, 0xF7, 0xE0, 0xF7, 0xE0, 0xF7, 0xE0, 0xF7, 0xE0, 0xF7, 0xE0, 0xF7,
    0xE0, 0xF7, 0xE0, 0xF7, 0xE0, 0xC6, 0x60, 0x63, 0x40, 0x24, 0x00, 0xA1, 0x63, 0x20, 0xDF, 0x00,
    0xF7, 0xE0, 0xF7, 0xE0, 0xF7, 0xE0, 0xF7, 0xE0, 0xF7, 0xE0, 0xF7, 0xE0, 0xF7, 0xE0, 0xF7, 0xE0,
    0xF7, 0xE0, 0xF7, 0xE0, 0xF7, 0xE0, 0xF7, 0xE0, 0xF7, 0xE0, 0xDF, 0x20, 0x73, 0xA0, 0x26, 0x00,
    0xA9, 0x39, 0xE0, 0xC6, 0x40, 0xF7, 0xC0, 0xF7, 0xE0, 0xF7, 0xE0, 0xF7, 0xE0, 0xF7, 0xE0, 0xF7,
    0xE0, 0xF7, 0xE0, 0xF7, 0xE0, 0xF7, 0xE0, 0xF7, 0xE0, 0xF7, 0xE0, 0xF7, 0xE0, 0xF7, 0xE0, 0xF7,
    0xE0, 0xF7, 0xE0, 0xF7, 0xE0, 0xF7, 0xE0, 0xC6, 0x40, 0x6B, 0x60, 0x24, 0x00, 0xA1, 0x63, 0x40,
    0xDF, 0x00, 0xF7, 0xE0, 0xF7, 0xE0, 0xF7, 0xE0, 0xF7, 0xE0, 0xF7, 0xE0, 0xF7, 0xE0, 0xF7, 0xE0,
    0xF7, 0xE0, 0xF7, 0xE0, 0xF7, 0xE0, 0xF7, 0xE0, 0xF7, 0xE0, 0xF7, 0xE0, 0xDF, 0x00, 0x73, 0xA0,
    0x26, 0x00, 0xA9, 0x3A, 0x00, 0xC6, 0x60, 0xF7, 0xC0, 0xF7, 0xE0, 0xF7, 0xE0, 0xF7, 0xE0, 0xF7,
    0xE0, 0xF7, 0xE0, 0xF7, 0xE0, 0xF7, 0xE0, 0xF7, 0xE0, 0xF7, 0xE0, 0xF7, 0xE0, 0xF7, 0xE0, 0xF7,
    0xE0, 0xF7, 0xE0, 0xF7, 0xE0, 0xF7, 0xE0, 0xF7, 0xE0, 0xC6, 0x60, 0x63, 0x20, 0x24, 0x00, 0xA1,
    0x6B, 0x60, 0xDF, 0x00, 0xF7, 0xE0, 0xF7, 0xE0, 0xF7, 0xE0, 0xF7, 0xE0, 0xF7, 0xE0, 0xF7, 0xE0,
    0xF7, 0xE0, 0xF7, 0xE0, 0xF7, 0xE0, 0xF7, 0xE0, 0xF7, 0xE0, 0xF7, 0xE0, 0xF7, 0xE0, 0xDF, 0x00,
    0x6B, 0x80, 0x26, 0x00, 0xA9, 0x42, 0x20, 0xC6, 0x40, 0xF7, 0xC0, 0xF7, 0xE0, 0xF7, 0xE0, 0xF7,
    0xE0, 0xF7, 0xE0, 0xF7, 0xE0, 0xF7, 0xE0, 0xF7, 0xE0, 0xF7, 0xE0, 0xF7, 0xE0, 0xF7, 0xE0, 0xF7,
    0xE0, 0xF7, 0xE0, 0xF7, 0xE0, 0xF7, 0xE0, 0xF7, 0xE0, 0xF7, 0xE0, 0xBE, 0x20, 0x63, 0x40, 0x24,
    0x00, 0xA1, 0x6B, 0x60, 0xDF, 0x20, 0xF7, 0xE0, 0xF7, 0xE0, 0xF7, 0xE0, 0xF7, 0xE0, 0xF7, 0xE0,
    0xF7, 0xE0, 0xF7, 0xE0, 0xF7, 0xE0, 0xF7, 0xE0, 0xF7, 0xE0, 0xF7, 0xE0, 0xF7, 0xE0, 0xF7, 0xE0,
    0xDF, 0x00, 0x6B, 0x60, 0x26, 0x00, 0xA8, 0x42, 0x20, 0xCE, 0x60, 0xF7, 0xC0, 0xF7, 0xE0, 0xF7,
    0xE0, 0xF7, 0xE0, 0xF7, 0xE0, 0xF7, 0xE0, 0xF7, 0xE0, 0xF7, 0xE0, 0xF7, 0xE0, 0xF7, 0xE0, 0xF7,
    0xE0, 0xF7, 0xE0, 0xF7, 0xE0, 0xF7, 0xE0, 0xF7, 0xE0, 0xF7, 0xE0, 0xF7, 0xE0, 0xC6, 0x40, 0x5B,
    0x25, 0x00, 0xA1, 0x6B, 0x80, 0xDF, 0x20, 0xF7, 0xE0, 0xF7, 0xE0, 0xF7, 0xE0, 0xF7, 0xE0, 0xF7,
    0xE0, 0xF7, 0xE0, 0xF7, 0xE0, 0xF7, 0xE0, 0xF7, 0xE0, 0xF7, 0xE0, 0xF7, 0xE0, 0xF7, 0xE0, 0xF7,
    0xE0, 0xDF, 0x00, 0x6B, 0x60, 0x26, 0x00, 0xA9, 0x4A, 0x40, 0xCE, 0x60, 0xF7, 0xC0, 0xF7, 0xE0,
    0xF7, 0xE0, 0xF7, 0xE0, 0xF7, 0xE0, 0xF7, 0xE0, 0xF7, 0xE0, 0xF7, 0xE0, 0xF7, 0xE0, 0xF7, 0xE0,
    0xF7, 0xE0, 0xF7, 0xE0, 0xF7, 0xE0, 0xF7, 0xE0, 0xF7, 0xE0, 0xF7, 0xE0, 0xF7, 0xE0, 0xBE, 0x00,
    0x63, 0x20, 0x24, 0x00, 0xA1, 0x73, 0xA0, 0xDF, 0x20, 0xF7, 0xE0, 0xF7, 0xE0, 0xF7, 0xE0, 0xF7,
    0xE0, 0xF7, 0xE0, 0xF7, 0xE0, 0xF7, 0xE0, 0xF7, 0xE0, 0xF7, 0xE0, 0xF7, 0xE0, 0xF7, 0xE0, 0xF7,
    0xE0, 0xF7, 0xE0, 0xDF, 0x00, 0x63, 0x40, 0x26, 0x00, 0xA9, 0x4A, 0x40, 0xCE, 0x80, 0xF7, 0xC0,
    0xF7, 0xE0, 0xF7, 0xE0, 0xF7, 0xE0, 0xF7, 0xE0, 0xF7, 0xE0, 0xF7, 0xE0, 0xF7, 0xE0, 0xF7, 0xE0,
    0xF7, 0xE0, 0xF7, 0xE0, 0xF7, 0xE0, 0xF7, 0xE0, 0xF7, 0xE0, 0xF7, 0xE0, 0xF7, 0xE0, 0xF7, 0xE0,
    0xC6, 0x20, 0x5A, 0xE0, 0x24, 0x00, 0xA1, 0x73, 0xC0, 0xDF, 0x20, 0xF7, 0xE0, 0xF7, 0xE0, 0xF7,
    0xE0, 0xF7, 0xE0, 0xF7, 0xE0, 0xF7, 0xE0, 0xF7, 0xE0, 0xF7, 0xE0, 0xF7, 0xE0, 0xF7, 0xE0, 0xF7,
    0xE0, 0xF7, 0xE0, 0xF7, 0xE0, 0xDE, 0xE0, 0x63, 0x20, 0x26, 0x00, 0xA8, 0x4A, 0x80, 0xCE, 0x60,
    0xF7, 0xC0, 0xF7, 0xE0, 0xF7, 0xE0, 0xF7, 0xE0, 0xF7, 0xE0, 0xF7, 0xE0, 0xF7, 0xE0, 0xF7, 0xE0,
    0xF7, 0xE0, 0xF7, 0xE0, 0xF7, 0xE0, 0xF7, 0xE0, 0xF7, 0xE0, 0xF7, 0xE0, 0xF7, 0xE0, 0xF7, 0xE0,
    0xF7, 0xE0, 0xBE, 0x00, 0x5B, 0x25, 0x00, 0xA0, 0x73, 0xC0, 0xDF, 0x20, 0xF7, 0xE0, 0xF7, 0xE0,
    0xF7, 0xE0, 0xF7, 0xE0, 0xF7, 0xE0, 0xF7, 0xE0, 0xF7, 0xE0, 0xF7, 0xE0, 0xF7, 0xE0, 0xF7, 0xE0,
    0xF7, 0xE0, 0xF7, 0xE0, 0xF7, 0xE0, 0xDF, 0x00, 0x5B, 0x27, 0x00, 0xA9, 0x4A, 0x80, 0xCE, 0x80,
    0xF7, 0xC0, 0xF7, 0xE0, 0xF7, 0xE0, 0xF7, 0xE0, 0xF7, 0xE0, 0xF7, 0xE0, 0xF7, 0xE0, 0xF7, 0xE0,
    0xF7, 0xE0, 0xF7, 0xE0, 0xF7, 0xE0, 0xF7, 0xE0, 0xF7, 0xE0, 0xF7, 0xE0, 0xF7, 0xE0, 0xF7, 0xE0,
    0xF7, 0xE0, 0xBE, 0x20, 0x52, 0xC0, 0x24, 0x00, 0xA0, 0x7B, 0xE0, 0xDF, 0x20, 0xF7, 0xE0, 0xF7,
    0xE0, 0xF7, 0xE0, 0xF7, 0xE0, 0xF7, 0xE0, 0xF7, 0xE0, 0xF7, 0xE0, 0xF7, 0xE0, 0xF7, 0xE0, 0xF7,
    0xE0, 0xF7, 0xE0, 0xF7, 0xE0, 0xF7, 0xE0, 0xD6, 0xE0, 0x5B, 0x27, 0x00, 0xA9, 0x52, 0xA0, 0xCE,
    0x80, 0xF7, 0xC0, 0xF7, 0xE0, 0xF7, 0xE0, 0xF7, 0xE0, 0xF7, 0xE0, 0xF7, 0xE0, 0xF7, 0xE0, 0xF7,
    0xE0, 0xF7, 0xE0, 0xF7, 0xE0, 0xF7, 0xE0, 0xF7, 0xE0, 0xF7, 0xE0, 0xF7, 0xE0, 0xF7, 0xE0, 0xF7,
    0xE0, 0xF7, 0xE0, 0xBE, 0x00, 0x5A, 0xC0, 0x24, 0x00, 0xA1, 0x7C, 0x00, 0xE7, 0x20, 0xF7, 0xE0,
    0xF7, 0xE0, 0xF7, 0xE0, 0xF7, 0xE0, 0xF7, 0xE0, 0xF7, 0xE0, 0xF7, 0xE0, 0xF7, 0xE0, 0xF7, 0xE0,
    0xF7, 0xE0, 0xF7, 0xE0, 0xF7, 0xE0, 0xF7, 0xE0, 0xD6, 0xE0, 0x5A, 0xE0, 0x26, 0x00, 0xA9, 0x52,
    0xA0, 0xCE, 0xA0, 0xF7, 0xE0, 0xF7, 0xE0, 0xF7, 0xE0, 0xF7, 0xE0, 0xF7, 0xE0, 0xF7, 0xE0, 0xF7,
    0xE0, 0xF7, 0xE0, 0xF7, 0xE0, 0xF7, 0xE0, 0xF7, 0xE0, 0xF7, 0xE0, 0xF7, 0xE0, 0xF7, 0xE0, 0xF7,
    0xE0, 0xF7, 0xE0, 0xF7, 0xE0, 0xBE, 0x00, 0x52, 0xA0, 0x24, 0x00, 0xA1, 0x84, 0x20, 0xE7, 0x20,
    0xF7, 0xE0, 0xF7, 0xE0, 0xF7, 0xE0, 0xF7, 0xE0, 0xF7, 0xE0, 0xF7, 0xE0, 0xF7, 0xE0, 0xF7, 0xE0,
    0xF7, 0xE0, 0xF7, 0xE0, 0xF7, 0xE0, 0xF7, 0xE0, 0xF7, 0xC0, 0xD6, 0xE0, 0x52, 0xC0, 0x26, 0x00,
    0xA9, 0x5A, 0xC0, 0xCE, 0x80, 0xF7, 0xC0, 0xF7, 0xE0, 0xF7, 0xE0, 0xF7, 0xE0, 0xF7, 0xE0, 0xF7,
    0xE0, 0xF7, 0xE0, 0xF7, 0xE0, 0xF7, 0xE0, 0xF7, 0xE0, 0xF7, 0xE0, 0xF7, 0xE0, 0xF7, 0xE0, 0xF7,
    0xE0, 0xF7, 0xE0, 0xF7, 0xE0, 0xF7, 0xE0, 0xBD, 0xE0, 0x52, 0xA0, 0x24, 0x00, 0xA1, 0x84, 0x40,
    0xE7, 0x40, 0xF7, 0xE0, 0xF7, 0xE0, 0xF7, 0xE0, 0xF7, 0xE0, 0xF7, 0xE0, 0xF7, 0xE0, 0xF7, 0xE0,
    0xF7, 0xE0, 0xF7, 0xE0, 0xF7, 0xE0, 0xF7, 0xE0, 0xF7, 0xE0, 0xF7, 0xE0, 0xD6, 0xE0, 0x52, 0xA0,
    0x26, 0x00, 0xA9, 0x5A, 0xE0, 0xCE, 0xA0, 0xF7, 0xE0, 0xF7, 0xE0, 0xF7, 0xE0, 0xF7, 0xE0, 0xF7,
    0xE0, 0xF7, 0xE0, 0xF7, 0xE0, 0xF7, 0xE0, 0xF7, 0xE0, 0xF7, 0xE0, 0xF7, 0xE0, 0xF7, 0xE0, 0xF7,
    0xE0, 0xF7, 0xE0, 0xF7, 0xE0, 0xF7, 0xE0, 0xF7, 0xE0, 0xB5, 0xE0, 0x4A, 0x80, 0x24, 0x00, 0xA1,
    0x84, 0x40, 0xE7, 0x40, 0xF7, 0xE0, 0xF7, 0xE0, 0xF7, 0xE0, 0xF7, 0xE0, 0xF7, 0xE0, 0xF7, 0xE0,
    0xF7, 0xE0, 0xF7, 0xE0, 0xF7, 0xE0, 0xF7, 0xE0, 0xF7, 0xE0, 0xF7, 0xE0, 0xF7, 0xC0, 0xD6, 0xC0,
    0x52, 0x80, 0x26, 0x00, 0xA9, 0x5B, 0x00, 0xCE, 0xA0, 0xF7, 0xE0, 0xF7, 0xE0, 0xF7, 0xE0, 0xF7,
    0xE0, 0xF7, 0xE0, 0xF7, 0xE0, 0xF7, 0xE0, 0xF7, 0xE0, 0xF7, 0xE0, 0xF7, 0xE0, 0xF7, 0xE0, 0xF7,
    0xE0, 0xF7, 0xE0, 0xF7, 0xE0, 0xF7, 0xE0, 0xF7, 0xE0, 0xF7, 0xE0, 0xBD, 0xE0, 0x4A, 0x80, 0x24,
    0x00, 0xA1, 0x84, 0x40, 0xE7, 0x40, 0xF7, 0xE0, 0xF7, 0xE0, 0xF7, 0xE0, 0xF7, 0xE0, 0xF7, 0xE0,
    0xF7, 0xE0, 0xF7, 0xE0, 0xF7, 0xE0, 0xF7, 0xE0, 0xF7, 0xE0, 0xF7, 0xE0, 0xF7, 0xE0, 0xF7, 0xE0,
    0xD6, 0xC0, 0x4A, 0x80, 0x26, 0x00, 0xA9, 0x63, 0x20, 0xCE, 0xA0, 0xF7, 0xE0, 0xF7, 0xE0, 0xF7,
    0xE0, 0xF7, 0xE0, 0xF7, 0xE0, 0xF7, 0xE0, 0xF7, 0xE0, 0xF7, 0xE0, 0xF7, 0xE0, 0xF7, 0xE0, 0xF7,
    0xE0, 0xF7, 0xE0, 0xF7, 0xE0, 0xF7, 0xE0, 0xF7, 0xE0, 0xF7, 0xE0, 0xF7, 0xC0, 0xB5, 0xC0, 0x4A,
    0x80, 0x24, 0x00, 0xA1, 0x8C, 0x60, 0xE7, 0x40, 0xF7, 0xE0, 0xF7, 0xE0, 0xF7, 0xE0, 0xF7, 0xE0,
    0xF7, 0xE0, 0xF7, 0xE0, 0xF7, 0xE0, 0xF7, 0xE0, 0xF7, 0xE0, 0xF7, 0xE0, 0xF7, 0xE0, 0xF7, 0xE0,
    0xF7, 0xE0, 0xF7, 0xE0, 0x4A, 0x60, 0x26, 0x00, 0xA9, 0x63, 0x20, 0xCE, 0xA0, 0xF7, 0xE0, 0xF7,
    0xE0, 0xF7, 0xE0, 0xF7, 0xE0, 0xF7, 0xE0, 0xF7, 0xE0, 0xF7, 0xE0, 0xF7, 0xE0, 0xF7, 0xE0, 0xF7,
    0xE0, 0xF7, 0xE0, 0xF7, 0xE0, 0xF7, 0xE0, 0xF7, 0xE0, 0xF7, 0xE0, 0xF7, 0xE0, 0xF7, 0xC0, 0xB5,
    0xE0, 0x4A, 0x60, 0x24, 0x00, 0xA1, 0x8C, 0x80, 0xE7, 0x40, 0xF7, 0xE0, 0xF7, 0xE0, 0xF7, 0xE0,
    0xF7, 0xE0, 0xF7, 0xE0, 0xF7, 0xE0, 0xF7, 0xE0, 0xF7, 0xE0, 0xF7, 0xE0, 0xF7, 0xE0, 0xF7, 0xE0,
    0xF7, 0xE0, 0xF7, 0xE0, 0xF7, 0xE0, 0xF7, 0xE0, 0x26, 0x00, 0xA9, 0x63, 0x40, 0xD6, 0xA0, 0xF7,
    0xE0, 0xF7, 0xE0, 0xF7, 0xE0, 0xF7, 0xE0, 0xF7, 0xE0, 0xF7, 0xE0, 0xF7, 0xE0, 0xF7, 0xE0, 0xF7,
    0xE0, 0xF7, 0xE0, 0xF7, 0xE0, 0xF7, 0xE0, 0xF7, 0xE0, 0xF7, 0xE0, 0xF7, 0xE0, 0xF7, 0xE0, 0xF7,
    0xC0, 0xB5, 0xA0, 0x4A, 0x40, 0x23, 0x00, 0xA4, 0x20, 0x94, 0xA0, 0xE7, 0x40, 0xF7, 0xE0, 0xF7,
    0xE0, 0xF7, 0xE0, 0xF7, 0xE0, 0xF7, 0xE0, 0xF7, 0xE0, 0xF7, 0xE0, 0xF7, 0xE0, 0xF7, 0xE0, 0xF7,
    0xE0, 0xF7, 0xE0, 0xF7, 0xE0, 0xF7, 0xE0, 0xF7, 0xE0, 0xF7, 0xE0, 0xF7, 0xE0, 0x24, 0x00, 0xA9,
    0x6B, 0x40, 0xD6, 0xC0, 0xF7, 0xE0, 0xF7, 0xE0, 0xF7, 0xE0, 0xF7, 0xE0, 0xF7, 0xE0, 0xF7, 0xE0,
    0xF7, 0xE0, 0xF7, 0xE0, 0xF7, 0xE0, 0xF7, 0xE0, 0xF7, 0xE0, 0xF7, 0xE0, 0xF7, 0xE0, 0xF7, 0xE0,
    0xF7, 0xE0, 0xF7, 0xE0, 0xF7, 0xC0, 0xB5, 0xC0, 0x42, 0x20, 0x23, 0x00, 0xA6, 0x20, 0x94, 0xA0,
    0xE7, 0x60, 0xF7, 0xE0, 0xF7, 0xE0, 0xF7, 0xE0, 0xF7, 0xE0, 0xF7, 0xE0, 0xF7, 0xE0, 0xF7, 0xE0,
    0xF7, 0xE0, 0xF7, 0xE0, 0xF7, 0xE0, 0xF7, 0xE0, 0xF7, 0xE0, 0xF7, 0xE0, 0xF7, 0xE0, 0xF7, 0xE0,
    0xF7, 0xE0, 0xE7, 0x40, 0x22, 0x00, 0xA9, 0x6B, 0x60, 0xD6, 0xC0, 0xF7, 0xE0, 0xF7, 0xE0, 0xF7,
    0xE0, 0xF7, 0xE0, 0xF7, 0xE0, 0xF7, 0xE0, 0xF7, 0xE0, 0xF7, 0xE0, 0xF7, 0xE0, 0xF7, 0xE0, 0xF7,
    0xE0, 0xF7, 0xE0, 0xF7, 0xE0, 0xF7, 0xE0, 0xF7, 0xE0, 0xF7, 0xE0, 0xF7, 0xC0, 0xAD, 0xA0, 0x42,
    0x20, 0x23, 0x00, 0xA8, 0x20, 0x94, 0xC0, 0xE7, 0x40, 0xF7, 0xE0, 0xF7, 0xE0, 0xF7, 0xE0, 0xF7,
    0xE0, 0xF7, 0xE0, 0xF7, 0xE0, 0xF7, 0xE0, 0xF7, 0xE0, 0xF7, 0xE0, 0xF7, 0xE0, 0xF7, 0xE0, 0xF7,
    0xE0, 0xF7, 0xE0, 0xF7, 0xE0, 0xF7, 0xE0, 0xF7, 0xE0, 0xE7, 0x40, 0x8C, 0x80, 0x20, 0x00, 0xA8,
    0x6B, 0x80, 0xD6, 0xC0, 0xF7, 0xE0, 0xF7, 0xE0, 0xF7, 0xE0, 0xF7, 0xE0, 0xF7, 0xE0, 0xF7, 0xE0,
    0xF7, 0xE0, 0xF7, 0xE0, 0xF7, 0xE0, 0xF7, 0xE0, 0xF7, 0xE0, 0xF7, 0xE0, 0xF7, 0xE0, 0xF7, 0xE0,
    0xF7, 0xE0, 0xF7, 0xE0, 0xEF, 0xA0, 0xB5, 0xC0, 0x42, 0x23, 0x00, 0xAA, 0x08, 0x40, 0x94, 0xC0,
    0xE7, 0x60, 0xF7, 0xE0, 0xF7, 0xE0, 0xF7, 0xE0, 0xF7, 0xE0, 0xF7, 0xE0, 0xF7, 0xE0, 0xF7, 0xE0,
    0xF7, 0xE0, 0xF7, 0xE0, 0xF7, 0xE0, 0xF7, 0xE0, 0xF7, 0xE0, 0xF7, 0xE0, 0xF7, 0xE0, 0xF7, 0xE0,
    0xF7, 0xE0, 0xDF, 0x20, 0x94, 0xC0, 0x21, 0x1F, 0x00, 0xA8, 0x73, 0xA0, 0xD6, 0xC0, 0xF7, 0xE0,
    0xF7, 0xE0, 0xF7, 0xE0, 0xF7, 0xE0, 0xF7, 0xE0, 0xF7, 0xE0, 0xF7, 0xE0, 0xF7, 0xE0, 0xF7, 0xE0,
    0xF7, 0xE0, 0xF7, 0xE0, 0xF7, 0xE0, 0xF7, 0xE0, 0xF7, 0xE0, 0xF7, 0xE0, 0xF7, 0xE0, 0xEF, 0xA0,
    0xAD, 0x80, 0x42, 0x23, 0x00, 0xAA, 0x08, 0x40, 0x9C, 0xE0, 0xE7, 0x40, 0xF7, 0xE0, 0xF7, 0xE0,
    0xF7, 0xE0, 0xF7, 0xE0, 0xF7, 0xE0, 0xF7, 0xE0, 0xF7, 0xE0, 0xF7, 0xE0, 0xF7, 0xE0, 0xF7, 0xE0,
    0xF7, 0xE0, 0xF7, 0xE0, 0xF7, 0xE0, 0xF7, 0xE0, 0xF7, 0xE0, 0xF7, 0xE0, 0xE7, 0x20, 0x8C, 0x80,
    0x21, 0x1F, 0x00, 0xA9, 0x73, 0xA0, 0xD6, 0xE0, 0xF7, 0xE0, 0xF7, 0xE0, 0xF7, 0xE0, 0xF7, 0xE0,
    0xF7, 0xE0, 0xF7, 0xE0, 0xF7, 0xE0, 0xF7, 0xE0, 0xF7, 0xE0, 0xF7, 0xE0, 0xF7, 0xE0, 0xF7, 0xE0,
    0xF7, 0xE0, 0xF7, 0xE0, 0xF7, 0xE0, 0xF7, 0xE0, 0xEF, 0xA0, 0xB5, 0xA0, 0x39, 0xE0, 0x22, 0x00,
    0xAB, 0x08, 0x60, 0x9C, 0xE0, 0xE7, 0x60, 0xF7, 0xE0, 0xF7, 0xE0, 0xF7, 0xE0, 0xF7, 0xE0, 0xF7,
    0xE0, 0xF7, 0xE0, 0xF7, 0xE0, 0xF7, 0xE0, 0xF7, 0xE0, 0xF7, 0xE0, 0xF7, 0xE0, 0xF7, 0xE0, 0xF7,
    0xE0, 0xF7, 0xE0, 0xF7, 0xE0, 0xF7, 0xE0, 0xDF, 0x20, 0x94, 0xA0, 0x18, 0xE0, 0x1E, 0x00, 0xA9,
    0x73, 0xC0, 0xD6, 0xC0, 0xF7, 0xE0, 0xF7, 0xE0, 0xF7, 0xE0, 0xF7, 0xE0, 0xF7, 0xE0, 0xF7, 0xE0,
    0xF7, 0xE0, 0xF7, 0xE0, 0xF7, 0xE0, 0xF7, 0xE0, 0xF7, 0xE0, 0xF7, 0xE0, 0xF7, 0xE0, 0xF7, 0xE0,
    0xF7, 0xE0, 0xF7, 0xE0, 0xEF, 0xA0, 0xAD, 0x80, 0x39, 0xE0, 0x22, 0x00, 0xAB, 0x08, 0x60, 0x9D,
    0x20, 0xE7, 0x60, 0xF7, 0xE0, 0xF7, 0xE0, 0xF7, 0xE0, 0xF7, 0xE0, 0xF7, 0xE0, 0xF7, 0xE0, 0xF7,
    0xE0, 0xF7, 0xE0, 0xF7, 0xE0, 0xF7, 0xE0, 0xF7, 0xE0, 0xF7, 0xE0, 0xF7, 0xE0, 0xF7, 0xE0, 0xF7,
    0xE0, 0xF7, 0xE0, 0xDF, 0x20, 0x8C, 0x60, 0x18, 0xE0, 0x1E, 0x00, 0xA9, 0x73, 0xC0, 0xD6, 0xE0,
    0xF7, 0xE0, 0xF7, 0xE0, 0xF7, 0xE0, 0xF7, 0xE0, 0xF7, 0xE0, 0xF7, 0xE0, 0xF7, 0xE0, 0xF7, 0xE0,
    0xF7, 0xE0, 0xF7, 0xE0, 0xF7, 0xE0, 0xF7, 0xE0, 0xF7, 0xE0, 0xF7, 0xE0, 0xF7, 0xE0, 0xF7, 0xE0,
    0xEF, 0x80, 0xAD, 0x80, 0x39, 0xC0, 0x22, 0x00, 0xAB, 0x10, 0x80, 0xA5, 0x20, 0xE7, 0x60, 0xF7,
    0xE0, 0xF7, 0xE0, 0xF7, 0xE0, 0xF7, 0xE0, 0xF7, 0xE0, 0xF7, 0xE0, 0xF7, 0xE0, 0xF7, 0xE0, 0xF7,
    0xE0, 0xF7, 0xE0, 0xF7, 0xE0, 0xF7, 0xE0, 0xF7, 0xE0, 0xF7, 0xE0, 0xF7, 0xE0, 0xF7, 0xE0, 0xDF,
    0x00, 0x8C, 0x80, 0x18, 0xC0, 0x1E, 0x00, 0xA9, 0x7B, 0xE0, 0xD6, 0xE0, 0xF7, 0xE0, 0xF7, 0xE0,
    0xF7, 0xE0, 0xF7, 0xE0, 0xF7, 0xE0, 0xF7, 0xE0, 0xF7, 0xE0, 0xF7, 0xE0, 0xF7, 0xE0, 0xF7, 0xE0,
    0xF7, 0xE0, 0xF7, 0xE0, 0xF7, 0xE0, 0xF7, 0xE0, 0xF7, 0xE0, 0xF7, 0xE0, 0xEF, 0xA0, 0xAD, 0x80,
    0x31, 0xC0, 0x22, 0x00, 0xAB, 0x10, 0xA0, 0xA5, 0x40, 0xE7, 0x60, 0xF7, 0xE0, 0xF7, 0xE0, 0xF7,
    0xE0, 0xF7, 0xE0, 0xF7, 0xE0, 0xF7, 0xE0, 0xF7, 0xE0, 0xF7, 0xE0, 0xF7, 0xE0, 0xF7, 0xE0, 0xF7,
    0xE0, 0xF7, 0xE0, 0xF7, 0xE0, 0xF7, 0xE0, 0xF7, 0xE0, 0xF7, 0xE0, 0xDF, 0x00, 0x8C, 0x60, 0x18,
    0xC0, 0x1E, 0x00, 0xA9, 0x7C, 0x00, 0xDE, 0xE0, 0xF7, 0xE0, 0xF7, 0xE0, 0xF7, 0xE0, 0xF7, 0xE0,
    0xF7, 0xE0, 0xF7, 0xE0, 0xF7, 0xE0, 0xF7, 0xE0, 0xF7, 0xE0, 0xF7, 0xE0, 0xF7, 0xE0, 0xF7, 0xE0,
    0xF7, 0xE0, 0xF7, 0xE0, 0xF7, 0xE0, 0xF7, 0xE0, 0xEF, 0x80, 0xAD, 0x80, 0x31, 0xA0, 0x22, 0x00,
    0xAB, 0x10, 0xA0, 0xA5, 0x40, 0xEF, 0x60, 0xF7, 0xE0, 0xF7, 0xE0, 0xF7, 0xE0, 0xF7, 0xE0, 0xF7,
    0xE0, 0xF7, 0xE0, 0xF7, 0xE0, 0xF7, 0xE0, 0xF7, 0xE0, 0xF7, 0xE0, 0xF7, 0xE0, 0xF7, 0xE0, 0xF7,
    0xE0, 0xF7, 0xE0, 0xF7, 0xE0, 0xF7, 0xE0, 0xDF, 0x00, 0x8C, 0x60, 0x10, 0xA0, 0x1E, 0x00, 0xA9,
    0x84, 0x20, 0xD6, 0xE0, 0xF7, 0xE0, 0xF7, 0xE0, 0xF7, 0xE0, 0xF7, 0xE0, 0xF7, 0xE0, 0xF7, 0xE0,
    0xF7, 0xE0, 0xF7, 0xE0, 0xF7, 0xE0, 0xF7, 0xE0, 0xF7, 0xE0, 0xF7, 0xE0, 0xF7, 0xE0, 0xF7, 0xE0,
    0xF7, 0xE0, 0xF7, 0xE0, 0xEF, 0x80, 0xAD, 0x60, 0x31, 0xA0, 0x22, 0x00, 0xAB, 0x10, 0xC0, 0xA5,
    0x60, 0xE7, 0x60, 0xF7, 0xE0, 0xF7, 0xE0, 0xF7, 0xE0, 0xF7, 0xE0, 0xF7, 0xE0, 0xF7, 0xE0, 0xF7,
    0xE0, 0xF7, 0xE0, 0xF7, 0xE0, 0xF7, 0xE0, 0xF7, 0xE0, 0xF7, 0xE0, 0xF7, 0xE0, 0xF7, 0xE0, 0xF7,
    0xE0, 0xF7, 0xE0, 0xDF, 0x00, 0x84, 0x40, 0x10, 0xA0, 0x1E, 0x00, 0xA9, 0x84, 0x20, 0xDF, 0x00,
    0xF7, 0xE0, 0xF7, 0xE0, 0xF7, 0xE0, 0xF7, 0xE0, 0xF7, 0xE0, 0xF7, 0xE0, 0xF7, 0xE0, 0xF7, 0xE0,
    0xF7, 0xE0, 0xF7, 0xE0, 0xF7, 0xE0, 0xF7, 0xE0, 0xF7, 0xE0, 0xF7, 0xE0, 0xF7, 0xE0, 0xF7, 0xE0,
    0xEF, 0x80, 0xAD, 0x60, 0x29, 0x80, 0x22, 0x00, 0xAB, 0x18, 0xC0, 0xA5, 0x60, 0xEF, 0x60, 0xF7,
    0xE0, 0xF7, 0xE0, 0xF7, 0xE0, 0xF7, 0xE0, 0xF7, 0xE0, 0xF7, 0xE0, 0xF7, 0xE0, 0xF7, 0xE0, 0xF7,
    0xE0, 0xF7, 0xE0, 0xF7, 0xE0, 0xF7, 0xE0, 0xF7, 0xE0, 0xF7, 0xE0, 0xF7, 0xE0, 0xF7, 0xE0, 0xDE,
    0xE0, 0x84, 0x40, 0x10, 0x80, 0x1D, 0x00, 0xAA, 0x20, 0x84, 0x20, 0xDF, 0x00, 0xF7, 0xE0, 0xF7,
    0xE0, 0xF7, 0xE0, 0xF7, 0xE0, 0xF7, 0xE0, 0xF7, 0xE0, 0xF7, 0xE0, 0xF7, 0xE0, 0xF7, 0xE0, 0xF7,
    0xE0, 0xF7, 0xE0, 0xF7, 0xE0, 0xF7, 0xE0, 0xF7, 0xE0, 0xF7, 0xE0, 0xF7, 0xE0, 0xEF, 0x80, 0xAD,
    0x60, 0x29, 0x60, 0x22, 0x00, 0xAB, 0x18, 0xE0, 0xAD, 0x80, 0xEF, 0x60, 0xF7, 0xE0, 0xF7, 0xE0,
    0xF7, 0xE0, 0xF7, 0xE0, 0xF7, 0xE0, 0xF7, 0xE0, 0xF7, 0xE0, 0xF7, 0xE0, 0xF7, 0xE0, 0xF7, 0xE0,
    0xF7, 0xE0, 0xF7, 0xE0, 0xF7, 0xE0, 0xF7, 0xE0, 0xF7, 0xE0, 0xF7, 0xE0, 0xD6, 0xE0, 0x84, 0x40,
    0x10, 0x80, 0x1D, 0x00, 0xAA, 0x20, 0x84, 0x40, 0xDF, 0x00, 0xF7, 0xE0, 0xF7, 0xE0, 0xF7, 0xE0,
    0xF7, 0xE0, 0xF7, 0xE0, 0xF7, 0xE0, 0xF7, 0xE0, 0xF7, 0xE0, 0xF7, 0xE0, 0xF7, 0xE0, 0xF7, 0xE0,
    0xF7, 0xE0, 0xF7, 0xE0, 0xF7, 0xE0, 0xF7, 0xE0, 0xF7, 0xE0, 0xEF, 0x60, 0xA5, 0x40, 0x29, 0x60,
    0x22, 0x00, 0xAB, 0x18, 0xE0, 0xAD, 0x80, 0xEF, 0x80, 0xF7, 0xE0, 0xF7, 0xE0, 0xF7, 0xE0, 0xF7,
    0xE0, 0xF7, 0xE0, 0xF7, 0xE0, 0xF7, 0xE0, 0xF7, 0xE0, 0xF7, 0xE0, 0xF7, 0xE0, 0xF7, 0xE0, 0xF7,
    0xE0, 0xF7, 0xE0, 0xF7, 0xE0, 0xF7, 0xE0, 0xF7, 0xE0, 0xD6, 0xE0, 0x84, 0x20, 0x08, 0x80, 0x1D,
    0x00, 0xAA, 0x20, 0x8C, 0x60, 0xDF, 0x00, 0xF7, 0xE0, 0xF7, 0xE0, 0xF7, 0xE0, 0xF7, 0xE0, 0xF7,
    0xE0, 0xF7, 0xE0, 0xF7, 0xE0, 0xF7, 0xE0, 0xF7, 0xE0, 0xF7, 0xE0, 0xF7, 0xE0, 0xF7, 0xE0, 0xF7,
    0xE0, 0xF7, 0xE0, 0xF7, 0xE0, 0xF7, 0xE0, 0xE7, 0x60, 0xA5, 0x40, 0x29, 0x40, 0x22, 0x00, 0xAB,
    0x21, 0x00, 0xAD, 0xA0, 0xEF, 0x80, 0xF7, 0xE0, 0xF7, 0xE0, 0xF7, 0xE0, 0xF7, 0xE0, 0xF7, 0xE0,
    0xF7, 0xE0, 0xF7, 0xE0, 0xF7, 0xE0, 0xF7, 0xE0, 0xF7, 0xE0, 0xF7, 0xE0, 0xF7, 0xE0, 0xF7, 0xE0,
    0xF7, 0xE0, 0xF7, 0xE0, 0xF7, 0xE0, 0xD6, 0xC0, 0x84, 0x40, 0x08, 0x60, 0x1C, 0x00, 0xAB, 0x08,
    0x40, 0x8C, 0x80, 0xDF, 0x00, 0xF7, 0xE0, 0xF7, 0xE0, 0xF7, 0xE0, 0xF7, 0xE0, 0xF7, 0xE0, 0xF7,
    0xE0, 0xF7, 0xE0, 0xF7, 0xE0, 0xF7, 0xE0, 0xF7, 0xE0, 0xF7, 0xE0, 0xF7, 0xE0, 0xF7, 0xE0, 0xF7,
    0xE0, 0xF7, 0xE0, 0xF7, 0xE0, 0xE7, 0x60, 0xA5, 0x40, 0x21, 0x40, 0x22, 0x00, 0xAB, 0x21, 0x20,
    0xAD, 0xA0, 0xEF, 0x80, 0xF7, 0xE0, 0xF7, 0xE0, 0xF7, 0xE0, 0xF7, 0xE0, 0xF7, 0xE0, 0xF7, 0xE0,
    0xF7, 0xE0, 0xF7, 0xE0, 0xF7, 0xE0, 0xF7, 0xE0, 0xF7, 0xE0, 0xF7, 0xE0, 0xF7, 0xE0, 0xF7, 0xE0,
    0xF7, 0xE0, 0xF7, 0xE0, 0xD6, 0xE0, 0x7C, 0x00, 0x08, 0x60, 0x1C, 0x00, 0xAB, 0x08, 0x40, 0x8C,
    0x60, 0xDF, 0x00, 0xF7, 0xE0, 0xF7, 0xE0, 0xF7, 0xE0, 0xF7, 0xE0, 0xF7, 0xE0, 0xF7, 0xE0, 0xF7,
    0xE0, 0xF7, 0xE0, 0xF7, 0xE0, 0xF7, 0xE0, 0xF7, 0xE0, 0xF7, 0xE0, 0xF7, 0xE0, 0xF7, 0xE0, 0xF7,
    0xE0, 0xF7, 0xE0, 0xE7, 0x60, 0xA5, 0x40, 0x21, 0x20, 0x22, 0x00, 0xAB, 0x21, 0x40, 0xAD, 0xA0,
    0xEF, 0x80, 0xF7, 0xE0, 0xF7, 0xE0, 0xF7, 0xE0, 0xF7, 0xE0, 0xF7, 0xE0, 0xF7, 0xE0, 0xF7, 0xE0,
    0xF7, 0xE0, 0xF7, 0xE0, 0xF7, 0xE0, 0xF7, 0xE0, 0xF7, 0xE0, 0xF7, 0xE0, 0xF7, 0xE0, 0xF7, 0xE0,
    0xF7, 0xE0, 0xD6, 0xC0, 0x84, 0x20, 0x08, 0x60, 0x1C, 0x00, 0xAA, 0x08, 0x60, 0x8C, 0xA0, 0xDF,
    0x00, 0xF7, 0xE0, 0xF7, 0xE0, 0xF7, 0xE0, 0xF7, 0xE0, 0xF7, 0xE0, 0xF7, 0xE0, 0xF7, 0xE0, 0xF7,
    0xE0, 0xF7, 0xE0, 0xF7, 0xE0, 0xF7, 0xE0, 0xF7, 0xE0, 0xF7, 0xE0, 0xF7, 0xE0, 0xF7, 0xE0, 0xF7,
    0xE0, 0xE7, 0x60, 0x9D, 0x20, 0x21, 0x23, 0x00, 0xAB, 0x21, 0x40, 0xB5, 0xC0, 0xEF, 0x80, 0xF7,
    0xE0, 0xF7, 0xE0, 0xF7, 0xE0, 0xF7, 0xE0, 0xF7, 0xE0, 0xF7, 0xE0, 0xF7, 0xE0, 0xF7, 0xE0, 0xF7,
    0xE0, 0xF7, 0xE0, 0xF7, 0xE0, 0xF7, 0xE0, 0xF7, 0xE0, 0xF7, 0xE0, 0xF7, 0xE0, 0xF7, 0xE0, 0xD6,
    0xC0, 0x7B, 0xE0, 0x08, 0x40, 0x1C, 0x00, 0xAA, 0x08, 0x60, 0x8C, 0xA0, 0xDF, 0x20, 0xF7, 0xE0,
    0xF7, 0xE0, 0xF7, 0xE0, 0xF7, 0xE0, 0xF7, 0xE0, 0xF7, 0xE0, 0xF7, 0xE0, 0xF7, 0xE0, 0xF7, 0xE0,
    0xF7, 0xE0, 0xF7, 0xE0, 0xF7, 0xE0, 0xF7, 0xE0, 0xF7, 0xE0, 0xF7, 0xE0, 0xF7, 0xE0, 0xE7, 0x40,
    0xA5, 0x40, 0x21, 0x23, 0x00, 0xAB, 0x29, 0x60, 0xB5, 0xC0, 0xEF, 0x80, 0xF7, 0xE0, 0xF7, 0xE0,
    0xF7, 0xE0, 0xF7, 0xE0, 0xF7, 0xE0, 0xF7, 0xE0, 0xF7, 0xE0, 0xF7, 0xE0, 0xF7, 0xE0, 0xF7, 0xE0,
    0xF7, 0xE0, 0xF7, 0xE0, 0xF7, 0xE0, 0xF7, 0xE0, 0xF7, 0xE0, 0xF7, 0xE0, 0xD6, 0xA0, 0x7C, 0x00,
    0x08, 0x40, 0x1E, 0x00, 0xA9, 0x94, 0xC0, 0xDF, 0x20, 0xF7, 0xE0, 0xF7, 0xE0, 0xF7, 0xE0, 0xF7,
    0xE0, 0xF7, 0xE0, 0xF7, 0xE0, 0xF7, 0xE0, 0xF7, 0xE0, 0xF7, 0xE0, 0xF7, 0xE0, 0xF7, 0xE0, 0xF7,
    0xE0, 0xF7, 0xE0, 0xF7, 0xE0, 0xF7, 0xE0, 0xF7, 0xE0, 0xE7, 0x60, 0x9D, 0x00, 0x18, 0xE0, 0x22,
    0x00, 0xAB, 0x29, 0x60, 0xB5, 0xC0, 0xEF, 0x80, 0xF7, 0xE0, 0xF7, 0xE0, 0xF7, 0xE0, 0xF7, 0xE0,
    0xF7, 0xE0, 0xF7, 0xE0, 0xF7, 0xE0, 0xF7, 0xE0, 0xF7, 0xE0, 0xF7, 0xE0, 0xF7, 0xE0, 0xF7, 0xE0,
    0xF7, 0xE0, 0xF7, 0xE0, 0xF7, 0xE0, 0xF7, 0xE0, 0xD6, 0xC0, 0x73, 0xC0, 0x00, 0x20, 0x20, 0x00,
    0xA7, 0xDF, 0x20, 0xF7, 0xE0, 0xF7, 0xE0, 0xF7, 0xE0, 0xF7, 0xE0, 0xF7, 0xE0, 0xF7, 0xE0, 0xF7,
    0xE0, 0xF7, 0xE0, 0xF7, 0xE0, 0xF7, 0xE0, 0xF7, 0xE0, 0xF7, 0xE0, 0xF7, 0xE0, 0xF7, 0xE0, 0xF7,
    0xE0, 0xF7, 0xE0, 0xE7, 0x40, 0x9D, 0x20, 0x18, 0xE0, 0x22, 0x00, 0xAB, 0x29, 0x80, 0xB5, 0xC0,
    0xEF, 0xA0, 0xF7, 0xE0, 0xF7, 0xE0, 0xF7, 0xE0, 0xF7, 0xE0, 0xF7, 0xE0, 0xF7, 0xE0, 0xF7, 0xE0,
    0xF7, 0xE0, 0xF7, 0xE0, 0xF7, 0xE0, 0xF7, 0xE0, 0xF7, 0xE0, 0xF7, 0xE0, 0xF7, 0xE0, 0xF7, 0xE0,
    0xF7, 0xE0, 0xCE, 0xA0, 0x7B, 0xE0, 0x00, 0x20, 0x22, 0x00, 0xA5, 0xF7, 0xE0, 0xF7, 0xE0, 0xF7,
    0xE0, 0xF7, 0xE0, 0xF7, 0xE0, 0xF7, 0xE0, 0xF7, 0xE0, 0xF7, 0xE0, 0xF7, 0xE0, 0xF7, 0xE0, 0xF7,
    0xE0, 0xF7, 0xE0, 0xF7, 0xE0, 0xF7, 0xE0, 0xF7, 0xE0, 0xF7, 0xE0, 0xE7, 0x40, 0x9D, 0x00, 0x18,
    0xE0, 0x22, 0x00, 0xAB, 0x31, 0x80, 0xB5, 0xE0, 0xEF, 0xA0, 0xF7, 0xE0, 0xF7, 0xE0, 0xF7, 0xE0,
    0xF7, 0xE0, 0xF7, 0xE0, 0xF7, 0xE0, 0xF7, 0xE0, 0xF7, 0xE0, 0xF7, 0xE0, 0xF7, 0xE0, 0xF7, 0xE0,
    0xF7, 0xE0, 0xF7, 0xE0, 0xF7, 0xE0, 0xF7, 0xE0, 0xF7, 0xE0, 0xD6, 0xA0, 0x73, 0xA0, 0x00, 0x20,
    0x24, 0x00, 0xA3, 0xF7, 0xE0, 0xF7, 0xE0, 0xF7, 0xE0, 0xF7, 0xE0, 0xF7, 0xE0, 0xF7, 0xE0, 0xF7,
    0xE0, 0xF7, 0xE0, 0xF7, 0xE0, 0xF7, 0xE0, 0xF7, 0xE0, 0xF7, 0xE0, 0xF7, 0xE0, 0xF7, 0xE0, 0xF7,
    0xE0, 0xE7, 0x40, 0x9D, 0x00, 0x10, 0xC0, 0x22, 0x00, 0xA9, 0x31, 0xA0, 0xB5, 0xE0, 0xEF, 0xA0,
    0xF7, 0xE0, 0xF7, 0xE0, 0xF7, 0xE0, 0xF7, 0xE0, 0xF7, 0xE0, 0xF7, 0xE0, 0xF7, 0xE0, 0xF7, 0xE0,
    0xF7, 0xE0, 0xF7, 0xE0, 0xF7, 0xE0, 0xF7, 0xE0, 0xF7, 0xE0, 0xF7, 0xE0, 0xF7, 0xE0, 0xF7, 0xE0,
    0xCE, 0xA0, 0x73, 0xC0, 0x28, 0x00, 0xA1, 0xF7, 0xE0, 0xF7, 0xE0, 0xF7, 0xE0, 0xF7, 0xE0, 0xF7,
    0xE0, 0xF7, 0xE0, 0xF7, 0xE0, 0xF7, 0xE0, 0xF7, 0xE0, 0xF7, 0xE0, 0xF7, 0xE0, 0xF7, 0xE0, 0xF7,
    0xE0, 0xF7, 0xE0, 0xE7, 0x40, 0x9C, 0xE0, 0x10, 0xA0, 0x22, 0x00, 0xA9, 0x31, 0xC0, 0xBE, 0x00,
    0xEF, 0xA0, 0xF7, 0xE0, 0xF7, 0xE0, 0xF7, 0xE0, 0xF7, 0xE0, 0xF7, 0xE0, 0xF7, 0xE0, 0xF7, 0xE0,
    0xF7, 0xE0, 0xF7, 0xE0, 0xF7, 0xE0, 0xF7, 0xE0, 0xF7, 0xE0, 0xF7, 0xE0, 0xF7, 0xE0, 0xF7, 0xE0,
    0xF7, 0xE0, 0xCE, 0xA0, 0x73, 0xA0, 0x2A, 0x00, 0x9F, 0xF7, 0xE0, 0xF7, 0xE0, 0xF7, 0xE0, 0xF7,
    0xE0, 0xF7, 0xE0, 0xF7, 0xE0, 0xF7, 0xE0, 0xF7, 0xE0, 0xF7, 0xE0, 0xF7, 0xE0, 0xF7, 0xE0, 0xF7,
    0xE0, 0xF7, 0xE0, 0xE7, 0x20, 0x94, 0xE0, 0x10, 0xA0, 0x22, 0x00, 0xA9, 0x39, 0xC0, 0xBD, 0xE0,
    0xEF, 0xA0, 0xF7, 0xE0, 0xF7, 0xE0, 0xF7, 0xE0, 0xF7, 0xE0, 0xF7, 0xE0, 0xF7, 0xE0, 0xF7, 0xE0,
    0xF7, 0xE0, 0xF7, 0xE0, 0xF7, 0xE0, 0xF7, 0xE0, 0xF7, 0xE0, 0xF7, 0xE0, 0xF7, 0xE0, 0xF7, 0xE0,
    0xF7, 0xE0, 0xCE, 0x80, 0x73, 0xA0, 0x2A, 0x00, 0x9F, 0x73, 0xC0, 0xF7, 0xE0, 0xF7, 0xE0, 0xF7,
    0xE0, 0xF7, 0xE0, 0xF7, 0xE0, 0xF7, 0xE0, 0xF7, 0xE0, 0xF7, 0xE0, 0xF7, 0xE0, 0xF7, 0xE0, 0xF7,
    0xE0, 0xF7, 0xE0, 0xDF, 0x20, 0x94, 0xC0, 0x10, 0x80, 0x22, 0x00, 0xA9, 0x39, 0xE0, 0xBE, 0x00,
    0xEF, 0xA0, 0xF7, 0xE0, 0xF7, 0xE0, 0xF7, 0xE0, 0xF7, 0xE0, 0xF7, 0xE0, 0xF7, 0xE0, 0xF7, 0xE0,
    0xF7, 0xE0, 0xF7, 0xE0, 0xF7, 0xE0, 0xF7, 0xE0, 0xF7, 0xE0, 0xF7, 0xE0, 0xF7, 0xE0, 0xF7, 0xE0,
    0xF7, 0xE0, 0xCE, 0x80, 0x6B, 0x80, 0x2A, 0x00, 0x9F, 0x7B, 0xE0, 0xDF, 0x00, 0xF7, 0xE0, 0xF7,
    0xE0, 0xF7, 0xE0, 0xF7, 0xE0, 0xF7, 0xE0, 0xF7, 0xE0, 0xF7, 0xE0, 0xF7, 0xE0, 0xF7, 0xE0, 0xF7,
    0xE0, 0xF7, 0xE0, 0xDF, 0x20, 0x94, 0xC0, 0x10, 0x80, 0x22, 0x00, 0xA9, 0x42, 0x00, 0xBE, 0x00,
    0xEF, 0xA0, 0xF7, 0xE0, 0xF7, 0xE0, 0xF7, 0xE0, 0xF7, 0xE0, 0xF7, 0xE0, 0xF7, 0xE0, 0xF7, 0xE0,
    0xF7, 0xE0, 0xF7, 0xE0, 0xF7, 0xE0, 0xF7, 0xE0, 0xF7, 0xE0, 0xF7, 0xE0, 0xF7, 0xE0, 0xF7, 0xE0,
    0xF7, 0xE0, 0xCE, 0x80, 0x6B, 0x60, 0x2A, 0x00, 0x9F, 0x7C, 0x00, 0xDF, 0x00, 0xF7, 0xE0, 0xF7,
    0xE0, 0xF7, 0xE0, 0xF7, 0xE0, 0xF7, 0xE0, 0xF7, 0xE0, 0xF7, 0xE0, 0xF7, 0xE0, 0xF7, 0xE0, 0xF7,
    0xE0, 0xF7, 0xE0, 0xDF, 0x20, 0x94, 0xA0, 0x08, 0x60, 0x22, 0x00, 0xA9, 0x42, 0x00, 0xBE, 0x20,
    0xEF, 0xA0, 0xF7, 0xE0, 0xF7, 0xE0, 0xF7, 0xE0, 0xF7, 0xE0, 0xF7, 0xE0, 0xF7, 0xE0, 0xF7, 0xE0,
    0xF7, 0xE0, 0xF7, 0xE0, 0xF7, 0xE0, 0xF7, 0xE0, 0xF7, 0xE0, 0xF7, 0xE0, 0xF7, 0xE0, 0xF7, 0xE0,
    0xF7, 0xE0, 0xCE, 0x60, 0x6B, 0x60, 0x2A, 0x00, 0x9F, 0x7C, 0x00, 0xDF, 0x20, 0xF7, 0xE0, 0xF7,
    0xE0, 0xF7, 0xE0, 0xF7, 0xE0, 0xF7, 0xE0, 0xF7, 0xE0, 0xF7, 0xE0, 0xF7, 0xE0, 0xF7, 0xE0, 0xF7,
    0xE0, 0xF7, 0xE0, 0xDF, 0x20, 0x8C, 0x80, 0x08, 0x60, 0x22, 0x00, 0xA9, 0x42, 0x20, 0xBE, 0x00,
    0xF7, 0xC0, 0xF7, 0xE0, 0xF7, 0xE0, 0xF7, 0xE0, 0xF7, 0xE0, 0xF7, 0xE0, 0xF7, 0xE0, 0xF7, 0xE0,
    0xF7, 0xE0, 0xF7, 0xE0, 0xF7, 0xE0, 0xF7, 0xE0, 0xF7, 0xE0, 0xF7, 0xE0, 0xF7, 0xE0, 0xF7, 0xE0,
    0xF7, 0xE0, 0xCE, 0x80, 0x63, 0x40, 0x2A, 0x00, 0x9F, 0x84, 0x20, 0xDF, 0x20, 0xF7, 0xE0, 0xF7,
    0xE0, 0xF7, 0xE0, 0xF7, 0xE0, 0xF7, 0xE0, 0xF7, 0xE0, 0xF7, 0xE0, 0xF7, 0xE0, 0xF7, 0xE0, 0xF7,
    0xE0, 0xF7, 0xE0, 0xDF, 0x00, 0x8C, 0x80, 0x08, 0x40, 0x22, 0x00, 0xA9, 0x42, 0x40, 0xBE, 0x20,
    0xF7, 0xC0, 0xF7, 0xE0, 0xF7, 0xE0, 0xF7, 0xE0, 0xF7, 0xE0, 0xF7, 0xE0, 0xF7, 0xE0, 0xF7, 0xE0,
    0xF7, 0xE0, 0xF7, 0xE0, 0xF7, 0xE0, 0xF7, 0xE0, 0xF7, 0xE0, 0xF7, 0xE0, 0xF7, 0xE0, 0xF7, 0xE0,
    0xF7, 0xE0, 0xC6, 0x60, 0x63, 0x40, 0x2A, 0x00, 0x9F, 0x84, 0x40, 0xE7, 0x20, 0xF7, 0xE0, 0xF7,
    0xE0, 0xF7, 0xE0, 0xF7, 0xE0, 0xF7, 0xE0, 0xF7, 0xE0, 0xF7, 0xE0, 0xF7, 0xE0, 0xF7, 0xE0, 0xF7,
    0xE0, 0xF7, 0xE0, 0xDF, 0x20, 0x8C, 0x60, 0x08, 0x40, 0x22, 0x00, 0xA9, 0x4A, 0x40, 0xC6, 0x20,
    0xF7, 0xC0, 0xF7, 0xE0, 0xF7, 0xE0, 0xF7, 0xE0, 0xF7, 0xE0, 0xF7, 0xE0, 0xF7, 0xE0, 0xF7, 0xE0,
    0xF7, 0xE0, 0xF7, 0xE0, 0xF7, 0xE0, 0xF7, 0xE0, 0xF7, 0xE0, 0xF7, 0xE0, 0xF7, 0xE0, 0xF7, 0xE0,
    0xF7, 0xE0, 0xCE, 0x60, 0x63, 0x20, 0x2A, 0x00, 0x9F, 0x8C, 0x60, 0xDF, 0x20, 0xF7, 0xE0, 0xF7,
    0xE0, 0xF7, 0xE0, 0xF7, 0xE0, 0xF7, 0xE0, 0xF7, 0xE0, 0xF7, 0xE0, 0xF7, 0xE0, 0xF7, 0xE0, 0xF7,
    0xE0, 0xF7, 0xE0, 0xDF, 0x00, 0x8C, 0x60, 0x00, 0x20, 0x22, 0x00, 0xA9, 0x4A, 0x60, 0xC6, 0x20,
    0xF7, 0xC0, 0xF7, 0xE0, 0xF7, 0xE0, 0xF7, 0xE0, 0xF7, 0xE0, 0xF7, 0xE0, 0xF7, 0xE0, 0xF7, 0xE0,
    0xF7, 0xE0, 0xF7, 0xE0, 0xF7, 0xE0, 0xF7, 0xE0, 0xF7, 0xE0, 0xF7, 0xE0, 0xF7, 0xE0, 0xF7, 0xE0,
    0xF7, 0xE0, 0xC6, 0x40, 0x63, 0x20, 0x2A, 0x00, 0x9F, 0x8C, 0x60, 0xE7, 0x20, 0xF7, 0xE0, 0xF7,
    0xE0, 0xF7, 0xE0, 0xF7, 0xE0, 0xF7, 0xE0, 0xF7, 0xE0, 0xF7, 0xE0, 0xF7, 0xE0, 0xF7, 0xE0, 0xF7,
    0xE0, 0xF7, 0xE0, 0xDF, 0x00, 0x84, 0x40, 0x00, 0x20, 0x22, 0x00, 0xA9, 0x4A, 0x80, 0xC6, 0x40,
    0xF7, 0xC0, 0xF7, 0xE0, 0xF7, 0xE0, 0xF7, 0xE0, 0xF7, 0xE0, 0xF7, 0xE0, 0xF7, 0xE0, 0xF7, 0xE0,
    0xF7, 0xE0, 0xF7, 0xE0, 0xF7, 0xE0, 0xF7, 0xE0, 0xF7, 0xE0, 0xF7, 0xE0, 0xF7, 0xE0, 0xF7, 0xE0,
    0xF7, 0xE0, 0xC6, 0x60, 0x5A, 0xE0, 0x29, 0x00, 0xA0, 0x20, 0x8C, 0x80, 0xDF, 0x20, 0xF7, 0xE0,
    0xF7, 0xE0, 0xF7, 0xE0, 0xF7, 0xE0, 0xF7, 0xE0, 0xF7, 0xE0, 0xF7, 0xE0, 0xF7, 0xE0, 0xF7, 0xE0,
    0xF7, 0xE0, 0xF7, 0xE0, 0xDF, 0x00, 0x84, 0x40, 0x00, 0x20, 0x22, 0x00, 0xA9, 0x52, 0xA0, 0xC6,
    0x40, 0xF7, 0xC0, 0xF7, 0xE0, 0xF7, 0xE0, 0xF7, 0xE0, 0xF7, 0xE0, 0xF7, 0xE0, 0xF7, 0xE0, 0xF7,
    0xE0, 0xF7, 0xE0, 0xF7, 0xE0, 0xF7, 0xE0, 0xF7, 0xE0, 0xF7, 0xE0, 0xF7, 0xE0, 0xF7, 0xE0, 0xF7,
    0xE0, 0xF7, 0xE0, 0xC6, 0x40, 0x5A, 0xE0, 0x29, 0x00, 0x9E, 0x20, 0x8C, 0x80, 0xE7, 0x40, 0xF7,
    0xE0, 0xF7, 0xE0, 0xF7, 0xE0, 0xF7, 0xE0, 0xF7, 0xE0, 0xF7, 0xE0, 0xF7, 0xE0, 0xF7, 0xE0, 0xF7,
    0xE0, 0xF7, 0xE0, 0xF7, 0xE0, 0xDF, 0x00, 0x84, 0x20, 0x24, 0x00, 0xA9, 0x52, 0xA0, 0xC6, 0x60,
    0xF7, 0xC0, 0xF7, 0xE0, 0xF7, 0xE0, 0xF7, 0xE0, 0xF7, 0xE0, 0xF7, 0xE0, 0xF7, 0xE0, 0xF7, 0xE0,
    0xF7, 0xE0, 0xF7, 0xE0, 0xF7, 0xE0, 0xF7, 0xE0, 0xF7, 0xE0, 0xF7, 0xE0, 0xF7, 0xE0, 0xF7, 0xE0,
    0xF7, 0xE0, 0xC6, 0x40, 0x5A, 0xC0, 0x29, 0x00, 0x9E, 0x20, 0x94, 0xA0, 0xE7, 0x40, 0xF7, 0xE0,
    0xF7, 0xE0, 0xF7, 0xE0, 0xF7, 0xE0, 0xF7, 0xE0, 0xF7, 0xE0, 0xF7, 0xE0, 0xF7, 0xE0, 0xF7, 0xE0,
    0xF7, 0xE0, 0xF7, 0xE0, 0xDE, 0xE0, 0x84, 0x20, 0x24, 0x00, 0xA9, 0x52, 0xC0, 0xC6, 0x40, 0xF7,
    0xE0, 0xF7, 0xE0, 0xF7, 0xE0, 0xF7, 0xE0, 0xF7, 0xE0, 0xF7, 0xE0, 0xF7, 0xE0, 0xF7, 0xE0, 0xF7,
    0xE0, 0xF7, 0xE0, 0xF7, 0xE0, 0xF7, 0xE0, 0xF7, 0xE0, 0xF7, 0xE0, 0xF7, 0xE0, 0xF7, 0xE0, 0xF7,
    0xE0, 0xC6, 0x20, 0x5A, 0xC0, 0x28, 0x00, 0x9E, 0x08, 0x40, 0x94, 0xA0, 0xE7, 0x40, 0xF7, 0xE0,
    0xF7, 0xE0, 0xF7, 0xE0, 0xF7, 0xE0, 0xF7, 0xE0, 0xF7, 0xE0, 0xF7, 0xE0, 0xF7, 0xE0, 0xF7, 0xE0,
    0xF7, 0xE0, 0xF7, 0xE0, 0xDE, 0xE0, 0x7C, 0x25, 0x00, 0xA9, 0x52, 0xC0, 0xCE, 0x60, 0xF7, 0xE0,
    0xF7, 0xE0, 0xF7, 0xE0, 0xF7, 0xE0, 0xF7, 0xE0, 0xF7, 0xE0, 0xF7, 0xE0, 0xF7, 0xE0, 0xF7, 0xE0,
    0xF7, 0xE0, 0xF7, 0xE0, 0xF7, 0xE0, 0xF7, 0xE0, 0xF7, 0xE0, 0xF7, 0xE0, 0xF7, 0xE0, 0xF7, 0xE0,
    0xC6, 0x40, 0x52, 0xA0, 0x28, 0x00, 0x9F, 0x08, 0x40, 0x94, 0xC0, 0xE7, 0x40, 0xF7, 0xE0, 0xF7,
    0xE0, 0xF7, 0xE0, 0xF7, 0xE0, 0xF7, 0xE0, 0xF7, 0xE0, 0xF7, 0xE0, 0xF7, 0xE0, 0xF7, 0xE0, 0xF7,
    0xE0, 0xF7, 0xE0, 0xD6, 0xE0, 0x7B, 0xE0, 0x24, 0x00, 0xA9, 0x5A, 0xE0, 0xC6, 0x40, 0xF7, 0xE0,
    0xF7, 0xE0, 0xF7, 0xE0, 0xF7, 0xE0, 0xF7, 0xE0, 0xF7, 0xE0, 0xF7, 0xE0, 0xF7, 0xE0, 0xF7, 0xE0,
    0xF7, 0xE0, 0xF7, 0xE0, 0xF7, 0xE0, 0xF7, 0xE0, 0xF7, 0xE0, 0xF7, 0xE0, 0xF7, 0xE0, 0xF7, 0xC0,
    0xBE, 0x20, 0x52, 0xA0, 0x28, 0x00, 0x9F, 0x08, 0x60, 0x9C, 0xE0, 0xE7, 0x40, 0xF7, 0xE0, 0xF7,
    0xE0, 0xF7, 0xE0, 0xF7, 0xE0, 0xF7, 0xE0, 0xF7, 0xE0, 0xF7, 0xE0, 0xF7, 0xE0, 0xF7, 0xE0, 0xF7,
    0xE0, 0xF7, 0xE0, 0xF7, 0xE0, 0x73, 0xC0, 0x24, 0x00, 0xA9, 0x5A, 0xE0, 0xCE, 0x60, 0xF7, 0xE0,
    0xF7, 0xE0, 0xF7, 0xE0, 0xF7, 0xE0, 0xF7, 0xE0, 0xF7, 0xE0, 0xF7, 0xE0, 0xF7, 0xE0, 0xF7, 0xE0,
    0xF7, 0xE0, 0xF7, 0xE0, 0xF7, 0xE0, 0xF7, 0xE0, 0xF7, 0xE0, 0xF7, 0xE0, 0xF7, 0xE0, 0xF7, 0xC0,
    0xC6, 0x20, 0x4A, 0x80, 0x28, 0x00, 0x9F, 0x08, 0x60, 0x9C, 0xE0, 0xE7, 0x40, 0xF7, 0xE0, 0xF7,
    0xE0, 0xF7, 0xE0, 0xF7, 0xE0, 0xF7, 0xE0, 0xF7, 0xE0, 0xF7, 0xE0, 0xF7, 0xE0, 0xF7, 0xE0, 0xF7,
    0xE0, 0xF7, 0xE0, 0xF7, 0xE0, 0xF7, 0xE0, 0x24, 0x00, 0xA9, 0x63, 0x20, 0xC6, 0x60, 0xF7, 0xE0,
    0xF7, 0xE0, 0xF7, 0xE0, 0xF7, 0xE0, 0xF7, 0xE0, 0xF7, 0xE0, 0xF7, 0xE0, 0xF7, 0xE0, 0xF7, 0xE0,
    0xF7, 0xE0, 0xF7, 0xE0, 0xF7, 0xE0, 0xF7, 0xE0, 0xF7, 0xE0, 0xF7, 0xE0, 0xF7, 0xE0, 0xF7, 0xC0,
    0xBE, 0x20, 0x4A, 0x80, 0x28, 0x00, 0xA1, 0x10, 0x80, 0x9D, 0x00, 0xE7, 0x40, 0xF7, 0xE0, 0xF7,
    0xE0, 0xF7, 0xE0, 0xF7, 0xE0, 0xF7, 0xE0, 0xF7, 0xE0, 0xF7, 0xE0, 0xF7, 0xE0, 0xF7, 0xE0, 0xF7,
    0xE0, 0xF7, 0xE0, 0xF7, 0xE0, 0xF7, 0xE0, 0xF7, 0xE0, 0x22, 0x00, 0xA9, 0x63, 0x20, 0xCE, 0x80,
    0xF7, 0xE0, 0xF7, 0xE0, 0xF7, 0xE0, 0xF7, 0xE0, 0xF7, 0xE0, 0xF7, 0xE0, 0xF7, 0xE0, 0xF7, 0xE0,
    0xF7, 0xE0, 0xF7, 0xE0, 0xF7, 0xE0, 0xF7, 0xE0, 0xF7, 0xE0, 0xF7, 0xE0, 0xF7, 0xE0, 0xF7, 0xE0,
    0xF7, 0xC0, 0xBE, 0x00, 0x4A, 0x60, 0x28, 0x00, 0xA3, 0x10, 0x80, 0x9D, 0x00, 0xE7, 0x60, 0xF7,
    0xE0, 0xF7, 0xE0, 0xF7, 0xE0, 0xF7, 0xE0, 0xF7, 0xE0, 0xF7, 0xE0, 0xF7, 0xE0, 0xF7, 0xE0, 0xF7,
    0xE0, 0xF7, 0xE0, 0xF7, 0xE0, 0xF7, 0xE0, 0xF7, 0xE0, 0xF7, 0xE0, 0xF7, 0xE0, 0x20, 0x00, 0xA9,
    0x63, 0x20, 0xCE, 0x60, 0xF7, 0xE0, 0xF7, 0xE0, 0xF7, 0xE0, 0xF7, 0xE0, 0xF7, 0xE0, 0xF7, 0xE0,
    0xF7, 0xE0, 0xF7, 0xE0, 0xF7, 0xE0, 0xF7, 0xE0, 0xF7, 0xE0, 0xF7, 0xE0, 0xF7, 0xE0, 0xF7, 0xE0,
    0xF7, 0xE0, 0xF7, 0xE0, 0xF7, 0xC0, 0xBE, 0x00, 0x4A, 0x40, 0x28, 0x00, 0xA5, 0x10, 0xA0, 0xA5,
    0x20, 0xE7, 0x60, 0xF7, 0xE0, 0xF7, 0xE0, 0xF7, 0xE0, 0xF7, 0xE0, 0xF7, 0xE0, 0xF7, 0xE0, 0xF7,
    0xE0, 0xF7, 0xE0, 0xF7, 0xE0, 0xF7, 0xE0, 0xF7, 0xE0, 0xF7, 0xE0, 0xF7, 0xE0, 0xF7, 0xE0, 0xF7,
    0xE0, 0xF7, 0xE0, 0x1E, 0x00, 0xA9, 0x63, 0x40, 0xCE, 0x80, 0xF7, 0xE0, 0xF7, 0xE0, 0xF7, 0xE0,
    0xF7, 0xE0, 0xF7, 0xE0, 0xF7, 0xE0, 0xF7, 0xE0, 0xF7, 0xE0, 0xF7, 0xE0, 0xF7, 0xE0, 0xF7, 0xE0,
    0xF7, 0xE0, 0xF7, 0xE0, 0xF7, 0xE0, 0xF7, 0xE0, 0xF7, 0xE0, 0xF7, 0xC0, 0xBE, 0x00, 0x42, 0x40,
    0x28, 0x00, 0xA6, 0x10, 0xC0, 0xA5, 0x20, 0xE7, 0x60, 0xF7, 0xE0, 0xF7, 0xE0, 0xF7, 0xE0, 0xF7,
    0xE0, 0xF7, 0xE0, 0xF7, 0xE0, 0xF7, 0xE0, 0xF7, 0xE0, 0xF7, 0xE0, 0xF7, 0xE0, 0xF7, 0xE0, 0xF7,
    0xE0, 0xF7, 0xE0, 0xF7, 0xE0, 0xF7, 0xE0, 0xF7, 0xE0, 0xDF, 0x1D, 0x00, 0xA9, 0x6B, 0x60, 0xCE,
    0x80, 0xF7, 0xE0, 0xF7, 0xE0, 0xF7, 0xE0, 0xF7, 0xE0, 0xF7, 0xE0, 0xF7, 0xE0, 0xF7, 0xE0, 0xF7,
    0xE0, 0xF7, 0xE0, 0xF7, 0xE0, 0xF7, 0xE0, 0xF7, 0xE0, 0xF7, 0xE0, 0xF7, 0xE0, 0xF7, 0xE0, 0xF7,
    0xE0, 0xEF, 0xA0, 0xBE, 0x00, 0x42, 0x20, 0x28, 0x00, 0xA9, 0x18, 0xC0, 0xA5, 0x40, 0xE7, 0x60,
    0xF7, 0xE0, 0xF7, 0xE0, 0xF7, 0xE0, 0xF7, 0xE0, 0xF7, 0xE0, 0xF7, 0xE0, 0xF7, 0xE0, 0xF7, 0xE0,
    0xF7, 0xE0, 0xF7, 0xE0, 0xF7, 0xE0, 0xF7, 0xE0, 0xF7, 0xE0, 0xF7, 0xE0, 0xF7, 0xE0, 0xF7, 0xE0,
    0xDF, 0x00, 0x8C, 0x60, 0x1A, 0x00, 0xA9, 0x6B, 0x60, 0xCE, 0x80, 0xF7, 0xE0, 0xF7, 0xE0, 0xF7,
    0xE0, 0xF7, 0xE0, 0xF7, 0xE0, 0xF7, 0xE0, 0xF7, 0xE0, 0xF7, 0xE0, 0xF7, 0xE0, 0xF7, 0xE0, 0xF7,
    0xE0, 0xF7, 0xE0, 0xF7, 0xE0, 0xF7, 0xE0, 0xF7, 0xE0, 0xF7, 0xE0, 0xF7, 0xC0, 0xBD, 0xE0, 0x42,
    0x20, 0x28, 0x00, 0xAB, 0x18, 0xE0, 0xA5, 0x40, 0xE7, 0x60, 0xF7, 0xE0, 0xF7, 0xE0, 0xF7, 0xE0,
    0xF7, 0xE0, 0xF7, 0xE0, 0xF7, 0xE0, 0xF7, 0xE0, 0xF7, 0xE0, 0xF7, 0xE0, 0xF7, 0xE0, 0xF7, 0xE0,
    0xF7, 0xE0, 0xF7, 0xE0, 0xF7, 0xE0, 0xF7, 0xE0, 0xF7, 0xE0, 0xDF, 0x00, 0x8C, 0x80, 0x10, 0x80,
    0x18, 0x00, 0xA8, 0x6B, 0x80, 0xCE, 0xA0, 0xF7, 0xE0, 0xF7, 0xE0, 0xF7, 0xE0, 0xF7, 0xE0, 0xF7,
    0xE0, 0xF7, 0xE0, 0xF7, 0xE0, 0xF7, 0xE0, 0xF7, 0xE0, 0xF7, 0xE0, 0xF7, 0xE0, 0xF7, 0xE0, 0xF7,
    0xE0, 0xF7, 0xE0, 0xF7, 0xE0, 0xF7, 0xE0, 0xEF, 0xA0, 0xBE, 0x00, 0x3A, 0x29, 0x00, 0xAB, 0x18,
    0xE0, 0xAD, 0x60, 0xE7, 0x60, 0xF7, 0xE0, 0xF7, 0xE0, 0xF7, 0xE0, 0xF7, 0xE0, 0xF7, 0xE0, 0xF7,
    0xE0, 0xF7, 0xE0, 0xF7, 0xE0, 0xF7, 0xE0, 0xF7, 0xE0, 0xF7, 0xE0, 0xF7, 0xE0, 0xF7, 0xE0, 0xF7,
    0xE0, 0xF7, 0xE0, 0xF7, 0xE0, 0xDF, 0x00, 0x8C, 0x60, 0x08, 0x80, 0x18, 0x00, 0xA9, 0x73, 0xA0,
    0xCE, 0xA0, 0xF7, 0xE0, 0xF7, 0xE0, 0xF7, 0xE0, 0xF7, 0xE0, 0xF7, 0xE0, 0xF7, 0xE0, 0xF7, 0xE0,
    0xF7, 0xE0, 0xF7, 0xE0, 0xF7, 0xE0, 0xF7, 0xE0, 0xF7, 0xE0, 0xF7, 0xE0, 0xF7, 0xE0, 0xF7, 0xE0,
    0xF7, 0xE0, 0xEF, 0xA0, 0xB5, 0xE0, 0x39, 0xE0, 0x28, 0x00, 0xAB, 0x21, 0x00, 0xAD, 0x60, 0xEF,
    0x60, 0xF7, 0xE0, 0xF7, 0xE0, 0xF7, 0xE0, 0xF7, 0xE0, 0xF7, 0xE0, 0xF7, 0xE0, 0xF7, 0xE0, 0xF7,
    0xE0, 0xF7, 0xE0, 0xF7, 0xE0, 0xF7, 0xE0, 0xF7, 0xE0, 0xF7, 0xE0, 0xF7, 0xE0, 0xF7, 0xE0, 0xF7,
    0xE0, 0xDE, 0xE0, 0x8C, 0x60, 0x08, 0x60, 0x18, 0x00, 0xA9, 0x73, 0xA0, 0xD6, 0xA0, 0xF7, 0xE0,
    0xF7, 0xE0, 0xF7, 0xE0, 0xF7, 0xE0, 0xF7, 0xE0, 0xF7, 0xE0, 0xF7, 0xE0, 0xF7, 0xE0, 0xF7, 0xE0,
    0xF7, 0xE0, 0xF7, 0xE0, 0xF7, 0xE0, 0xF7, 0xE0, 0xF7, 0xE0, 0xF7, 0xE0, 0xF7, 0xE0, 0xEF, 0xA0,
    0xB5, 0xE0, 0x39, 0xC0, 0x28, 0x00, 0xAB, 0x21, 0x00, 0xAD, 0x80, 0xEF, 0x60, 0xF7, 0xE0, 0xF7,
    0xE0, 0xF7, 0xE0, 0xF7, 0xE0, 0xF7, 0xE0, 0xF7, 0xE0, 0xF7, 0xE0, 0xF7, 0xE0, 0xF7, 0xE0, 0xF7,
    0xE0, 0xF7, 0xE0, 0xF7, 0xE0, 0xF7, 0xE0, 0xF7, 0xE0, 0xF7, 0xE0, 0xF7, 0xE0, 0xD6, 0xE0, 0x84,
    0x40, 0x08, 0x60, 0x18, 0x00, 0xA9, 0x73, 0xC0, 0xCE, 0xA0, 0xF7, 0xE0, 0xF7, 0xE0, 0xF7, 0xE0,
    0xF7, 0xE0, 0xF7, 0xE0, 0xF7, 0xE0, 0xF7, 0xE0, 0xF7, 0xE0, 0xF7, 0xE0, 0xF7, 0xE0, 0xF7, 0xE0,
    0xF7, 0xE0, 0xF7, 0xE0, 0xF7, 0xE0, 0xF7, 0xE0, 0xF7, 0xE0, 0xEF, 0xA0, 0xB5, 0xC0, 0x31, 0xC0,
    0x28, 0x00, 0xAB, 0x21, 0x20, 0xAD, 0x80, 0xEF, 0x80, 0xF7, 0xE0, 0xF7, 0xE0, 0xF7, 0xE0, 0xF7,
    0xE0, 0xF7, 0xE0, 0xF7, 0xE0, 0xF7, 0xE0, 0xF7, 0xE0, 0xF7, 0xE0, 0xF7, 0xE0, 0xF7, 0xE0, 0xF7,
    0xE0, 0xF7, 0xE0, 0xF7, 0xE0, 0xF7, 0xE0, 0xF7, 0xE0, 0xD6, 0xE0, 0x84, 0x20, 0x08, 0x60, 0x18,
    0x00, 0xA9, 0x73, 0xC0, 0xD6, 0xC0, 0xF7, 0xE0, 0xF7, 0xE0, 0xF7, 0xE0, 0xF7, 0xE0, 0xF7, 0xE0,
    0xF7, 0xE0, 0xF7, 0xE0, 0xF7, 0xE0, 0xF7, 0xE0, 0xF7, 0xE0, 0xF7, 0xE0, 0xF7, 0xE0, 0xF7, 0xE0,
    0xF7, 0xE0, 0xF7, 0xE0, 0xF7, 0xE0, 0xEF, 0x80, 0xB5, 0xC0, 0x31, 0xA0, 0x28, 0x00, 0xAB, 0x29,
    0x40, 0xAD, 0x80, 0xEF, 0x80, 0xF7, 0xE0, 0xF7, 0xE0, 0xF7, 0xE0, 0xF7, 0xE0, 0xF7, 0xE0, 0xF7,
    0xE0, 0xF7, 0xE0, 0xF7, 0xE0, 0xF7, 0xE0, 0xF7, 0xE0, 0xF7, 0xE0, 0xF7, 0xE0, 0xF7, 0xE0, 0xF7,
    0xE0, 0xF7, 0xE0, 0xF7, 0xE0, 0xD6, 0xE0, 0x84, 0x20, 0x08, 0x40, 0x18, 0x00, 0xA9, 0x7B, 0xE0,
    0xD6, 0xA0, 0xF7, 0xE0, 0xF7, 0xE0, 0xF7, 0xE0, 0xF7, 0xE0, 0xF7, 0xE0, 0xF7, 0xE0, 0xF7, 0xE0,
    0xF7, 0xE0, 0xF7, 0xE0, 0xF7, 0xE0, 0xF7, 0xE0, 0xF7, 0xE0, 0xF7, 0xE0, 0xF7, 0xE0, 0xF7, 0xE0,
    0xF7, 0xE0, 0xEF, 0xA0, 0xB5, 0xA0, 0x31, 0xA0, 0x28, 0x00, 0xAB, 0x29, 0x40, 0xAD, 0x80, 0xEF,
    0x80, 0xF7, 0xE0, 0xF7, 0xE0, 0xF7, 0xE0, 0xF7, 0xE0, 0xF7, 0xE0, 0xF7, 0xE0, 0xF7, 0xE0, 0xF7,
    0xE0, 0xF7, 0xE0, 0xF7, 0xE0, 0xF7, 0xE0, 0xF7, 0xE0, 0xF7, 0xE0, 0xF7, 0xE0, 0xF7, 0xE0, 0xF7,
    0xE0, 0xD6, 0xE0, 0x7C, 0x00, 0x08, 0x40, 0x17, 0x00, 0xAA, 0x20, 0x7B, 0xE0, 0xD6, 0xC0, 0xF7,
    0xE0, 0xF7, 0xE0, 0xF7, 0xE0, 0xF7, 0xE0, 0xF7, 0xE0, 0xF7, 0xE0, 0xF7, 0xE0, 0xF7, 0xE0, 0xF7,
    0xE0, 0xF7, 0xE0, 0xF7, 0xE0, 0xF7, 0xE0, 0xF7, 0xE0, 0xF7, 0xE0, 0xF7, 0xE0, 0xF7, 0xE0, 0xEF,
    0x80, 0xB5, 0xC0, 0x29, 0x80, 0x28, 0x00, 0xA8, 0x29, 0x60, 0xAD, 0xA0, 0xEF, 0x80, 0xF7, 0xE0,
    0xF7, 0xE0, 0xF7, 0xE0, 0xF7, 0xE0, 0xF7, 0xE0, 0xF7, 0xE0, 0xF7, 0xE0, 0xF7, 0xE0, 0xF7, 0xE0,
    0xF7, 0xE0, 0xF7, 0xE0, 0xF7, 0xE0, 0xF7, 0xE0, 0xF7, 0xE0, 0xF7, 0xE0, 0xF7, 0xE0, 0xD6, 0xC0,
    0x7C, 0x02, 0x00, 0x80, 0x20, 0x17, 0x00, 0xAA, 0x20, 0x7C, 0x00, 0xD6, 0xC0, 0xF7, 0xE0, 0xF7,
    0xE0, 0xF7, 0xE0, 0xF7, 0xE0, 0xF7, 0xE0, 0xF7, 0xE0, 0xF7, 0xE0, 0xF7, 0xE0, 0xF7, 0xE0, 0xF7,
    0xE0, 0xF7, 0xE0, 0xF7, 0xE0, 0xF7, 0xE0, 0xF7, 0xE0, 0xF7, 0xE0, 0xF7, 0xE0, 0xEF, 0x80, 0xAD,
    0xA0, 0x29, 0x60, 0x28, 0x00, 0xAB, 0x29, 0x60, 0xB5, 0xA0, 0xEF, 0x80, 0xF7, 0xE0, 0xF7, 0xE0,
    0xF7, 0xE0, 0xF7, 0xE0, 0xF7, 0xE0, 0xF7, 0xE0, 0xF7, 0xE0, 0xF7, 0xE0, 0xF7, 0xE0, 0xF7, 0xE0,
    0xF7, 0xE0, 0xF7, 0xE0, 0xF7, 0xE0, 0xF7, 0xE0, 0xF7, 0xE0, 0xF7, 0xE0, 0xD6, 0xC0, 0x7B, 0xE0,
    0x00, 0x20, 0x17, 0x00, 0xAA, 0x20, 0x7C, 0x00, 0xD6, 0xE0, 0xF7, 0xE0, 0xF7, 0xE0, 0xF7, 0xE0,
    0xF7, 0xE0, 0xF7, 0xE0, 0xF7, 0xE0, 0xF7, 0xE0, 0xF7, 0xE0, 0xF7, 0xE0, 0xF7, 0xE0, 0xF7, 0xE0,
    0xF7, 0xE0, 0xF7, 0xE0, 0xF7, 0xE0, 0xF7, 0xE0, 0xF7, 0xE0, 0xEF, 0x80, 0xB5, 0xA0, 0x29, 0x60,
    0x28, 0x00, 0xA8, 0x31, 0x80, 0xB5, 0xA0, 0xEF, 0x80, 0xF7, 0xE0, 0xF7, 0xE0, 0xF7, 0xE0, 0xF7,
    0xE0, 0xF7, 0xE0, 0xF7, 0xE0, 0xF7, 0xE0, 0xF7, 0xE0, 0xF7, 0xE0, 0xF7, 0xE0, 0xF7, 0xE0, 0xF7,
    0xE0, 0xF7, 0xE0, 0xF7, 0xE0, 0xF7, 0xE0, 0xF7, 0xE0, 0xD6, 0xA0, 0x7C, 0x02, 0x00, 0x80, 0x20,
    0x16, 0x00, 0xAB, 0x08, 0x40, 0x84, 0x20, 0xD6, 0xC0, 0xF7, 0xE0, 0xF7, 0xE0, 0xF7, 0xE0, 0xF7,
    0xE0, 0xF7, 0xE0, 0xF7, 0xE0, 0xF7, 0xE0, 0xF7, 0xE0, 0xF7, 0xE0, 0xF7, 0xE0, 0xF7, 0xE0, 0xF7,
    0xE0, 0xF7, 0xE0, 0xF7, 0xE0, 0xF7, 0xE0, 0xF7, 0xE0, 0xEF, 0x80, 0xAD, 0xA0, 0x29, 0x40, 0x28,
    0x00, 0xA9, 0x31, 0xA0, 0xB5, 0xC0, 0xEF, 0x80, 0xF7, 0xE0, 0xF7, 0xE0, 0xF7, 0xE0, 0xF7, 0xE0,
    0xF7, 0xE0, 0xF7, 0xE0, 0xF7, 0xE0, 0xF7, 0xE0, 0xF7, 0xE0, 0xF7, 0xE0, 0xF7, 0xE0, 0xF7, 0xE0,
    0xF7, 0xE0, 0xF7, 0xE0, 0xF7, 0xE0, 0xF7, 0xE0, 0xD6, 0xC0, 0x73, 0xC0, 0x18, 0x00, 0xAB, 0x08,
    0x40, 0x84, 0x20, 0xD6, 0xE0, 0xF7, 0xE0, 0xF7, 0xE0, 0xF7, 0xE0, 0xF7, 0xE0, 0xF7, 0xE0, 0xF7,
    0xE0, 0xF7, 0xE0, 0xF7, 0xE0, 0xF7, 0xE0, 0xF7, 0xE0, 0xF7, 0xE0, 0xF7, 0xE0, 0xF7, 0xE0, 0xF7,
    0xE0, 0xF7, 0xE0, 0xF7, 0xE0, 0xEF, 0x80, 0xAD, 0x80, 0x21, 0x20, 0x28, 0x00, 0xA9, 0x31, 0xA0,
    0xB5, 0xC0, 0xEF, 0xA0, 0xF7, 0xE0, 0xF7, 0xE0, 0xF7, 0xE0, 0xF7, 0xE0, 0xF7, 0xE0, 0xF7, 0xE0,
    0xF7, 0xE0, 0xF7, 0xE0, 0xF7, 0xE0, 0xF7, 0xE0, 0xF7, 0xE0, 0xF7, 0xE0, 0xF7, 0xE0, 0xF7, 0xE0,
    0xF7, 0xE0, 0xF7, 0xE0, 0xCE, 0xA0, 0x73, 0xC0, 0x18, 0x00, 0xAB, 0x08, 0x40, 0x84, 0x40, 0xD6,
    0xE0, 0xF7, 0xE0, 0xF7, 0xE0, 0xF7, 0xE0, 0xF7, 0xE0, 0xF7, 0xE0, 0xF7, 0xE0, 0xF7, 0xE0, 0xF7,
    0xE0, 0xF7, 0xE0, 0xF7, 0xE0, 0xF7, 0xE0, 0xF7, 0xE0, 0xF7, 0xE0, 0xF7, 0xE0, 0xF7, 0xE0, 0xF7,
    0xE0, 0xEF, 0x60, 0xAD, 0x80, 0x21, 0x20, 0x28, 0x00, 0xA9, 0x31, 0xC0, 0xB5, 0xE0, 0xEF, 0xA0,
    0xF7, 0xE0, 0xF7, 0xE0, 0xF7, 0xE0, 0xF7, 0xE0, 0xF7, 0xE0, 0xF7, 0xE0, 0xF7, 0xE0, 0xF7, 0xE0,
    0xF7, 0xE0, 0xF7, 0xE0, 0xF7, 0xE0, 0xF7, 0xE0, 0xF7, 0xE0, 0xF7, 0xE0, 0xF7, 0xE0, 0xF7, 0xE0,
    0xD6, 0xC0, 0x73, 0xA0, 0x1A, 0x00, 0xA8, 0x84, 0x40, 0xDE, 0xE0, 0xF7, 0xE0, 0xF7, 0xE0, 0xF7,
    0xE0, 0xF7, 0xE0, 0xF7, 0xE0, 0xF7, 0xE0, 0xF7, 0xE0, 0xF7, 0xE0, 0xF7, 0xE0, 0xF7, 0xE0, 0xF7,
    0xE0, 0xF7, 0xE0, 0xF7, 0xE0, 0xF7, 0xE0, 0xF7, 0xE0, 0xF7, 0xE0, 0xEF, 0x60, 0xAD, 0x60, 0x21,
    0x29, 0x00, 0xA9, 0x39, 0xE0, 0xB5, 0xC0, 0xEF, 0xA0, 0xF7, 0xE0, 0xF7, 0xE0, 0xF7, 0xE0, 0xF7,
    0xE0, 0xF7, 0xE0, 0xF7, 0xE0, 0xF7, 0xE0, 0xF7, 0xE0, 0xF7, 0xE0, 0xF7, 0xE0, 0xF7, 0xE0, 0xF7,
    0xE0, 0xF7, 0xE0, 0xF7, 0xE0, 0xF7, 0xE0, 0xF7, 0xE0, 0xCE, 0xA0, 0x73, 0xA0, 0x1C, 0x00, 0xA6,
    0xDE, 0xE0, 0xF7, 0xE0, 0xF7, 0xE0, 0xF7, 0xE0, 0xF7, 0xE0, 0xF7, 0xE0, 0xF7, 0xE0, 0xF7, 0xE0,
    0xF7, 0xE0, 0xF7, 0xE0, 0xF7, 0xE0, 0xF7, 0xE0, 0xF7, 0xE0, 0xF7, 0xE0, 0xF7, 0xE0, 0xF7, 0xE0,
    0xF7, 0xE0, 0xE7, 0x60, 0xAD, 0x60, 0x19, 0x29, 0x00, 0xA9, 0x39, 0xE0, 0xBD, 0xE0, 0xEF, 0xA0,
    0xF7, 0xE0, 0xF7, 0xE0, 0xF7, 0xE0, 0xF7, 0xE0, 0xF7, 0xE0, 0xF7, 0xE0, 0xF7, 0xE0, 0xF7, 0xE0,
    0xF7, 0xE0, 0xF7, 0xE0, 0xF7, 0xE0, 0xF7, 0xE0, 0xF7, 0xE0, 0xF7, 0xE0, 0xF7, 0xE0, 0xF7, 0xE0,
    0xCE, 0xA0, 0x6B, 0x80, 0x1E, 0x00, 0xA5, 0xF7, 0xE0, 0xF7, 0xE0, 0xF7, 0xE0, 0xF7, 0xE0, 0xF7,
    0xE0, 0xF7, 0xE0, 0xF7, 0xE0, 0xF7, 0xE0, 0xF7, 0xE0, 0xF7, 0xE0, 0xF7, 0xE0, 0xF7, 0xE0, 0xF7,
    0xE0, 0xF7, 0xE0, 0xF7, 0xE0, 0xF7, 0xE0, 0xE7, 0x60, 0xA5, 0x60, 0x18, 0xE0, 0x28, 0x00, 0xA9,
    0x42, 0x00, 0xB5, 0xE0, 0xEF, 0xA0, 0xF7, 0xE0, 0xF7, 0xE0, 0xF7, 0xE0, 0xF7, 0xE0, 0xF7, 0xE0,
    0xF7, 0xE0, 0xF7, 0xE0, 0xF7, 0xE0, 0xF7, 0xE0, 0xF7, 0xE0, 0xF7, 0xE0, 0xF7, 0xE0, 0xF7, 0xE0,
    0xF7, 0xE0, 0xF7, 0xE0, 0xF7, 0xE0, 0xCE, 0xA0, 0x6B, 0x80, 0x20, 0x00, 0xA3, 0xF7, 0xE0, 0xF7,
    0xE0, 0xF7, 0xE0, 0xF7, 0xE0, 0xF7, 0xE0, 0xF7, 0xE0, 0xF7, 0xE0, 0xF7, 0xE0, 0xF7, 0xE0, 0xF7,
    0xE0, 0xF7, 0xE0, 0xF7, 0xE0, 0xF7, 0xE0, 0xF7, 0xE0, 0xF7, 0xE0, 0xE7, 0x60, 0xA5, 0x40, 0x18,
    0xC0, 0x28, 0x00, 0xA9, 0x42, 0x20, 0xBE, 0x00, 0xEF, 0xA0, 0xF7, 0xE0, 0xF7, 0xE0, 0xF7, 0xE0,
    0xF7, 0xE0, 0xF7, 0xE0, 0xF7, 0xE0, 0xF7, 0xE0, 0xF7, 0xE0, 0xF7, 0xE0, 0xF7, 0xE0, 0xF7, 0xE0,
    0xF7, 0xE0, 0xF7, 0xE0, 0xF7, 0xE0, 0xF7, 0xE0, 0xF7, 0xE0, 0xCE, 0xA0, 0x6B, 0x60, 0x22, 0x00,
    0xA1, 0xF7, 0xE0, 0xF7, 0xE0, 0xF7, 0xE0, 0xF7, 0xE0, 0xF7, 0xE0, 0xF7, 0xE0, 0xF7, 0xE0, 0xF7,
    0xE0, 0xF7, 0xE0, 0xF7, 0xE0, 0xF7, 0xE0, 0xF7, 0xE0, 0xF7, 0xE0, 0xF7, 0xE0, 0xE7, 0x60, 0xA5,
    0x40, 0x18, 0xC0, 0x28, 0x00, 0xA9, 0x42, 0x20, 0xBD, 0xE0, 0xF7, 0xC0, 0xF7, 0xE0, 0xF7, 0xE0,
    0xF7, 0xE0, 0xF7, 0xE0, 0xF7, 0xE0, 0xF7, 0xE0, 0xF7, 0xE0, 0xF7, 0xE0, 0xF7, 0xE0, 0xF7, 0xE0,
    0xF7, 0xE0, 0xF7, 0xE0, 0xF7, 0xE0, 0xF7, 0xE0, 0xF7, 0xE0, 0xF7, 0xE0, 0xCE, 0x80, 0x6B, 0x60,
    0x24, 0x00, 0x9F, 0xF7, 0xE0, 0xF7, 0xE0, 0xF7, 0xE0, 0xF7, 0xE0, 0xF7, 0xE0, 0xF7, 0xE0, 0xF7,
    0xE0, 0xF7, 0xE0, 0xF7, 0xE0, 0xF7, 0xE0, 0xF7, 0xE0, 0xF7, 0xE0, 0xF7, 0xE0, 0xE7, 0x60, 0xA5,
    0x40, 0x10, 0xA0, 0x28, 0x00, 0xA9, 0x42, 0x40, 0xBE, 0x00, 0xF7, 0xC0, 0xF7, 0xE0, 0xF7, 0xE0,
    0xF7, 0xE0, 0xF7, 0xE0, 0xF7, 0xE0, 0xF7, 0xE0, 0xF7, 0xE0, 0xF7, 0xE0, 0xF7, 0xE0, 0xF7, 0xE0,
    0xF7, 0xE0, 0xF7, 0xE0, 0xF7, 0xE0, 0xF7, 0xE0, 0xF7, 0xE0, 0xF7, 0xE0, 0xCE, 0x80, 0x63, 0x40,
    0x26, 0x00, 0x9D, 0xF7, 0xE0, 0xF7, 0xE0, 0xF7, 0xE0, 0xF7, 0xE0, 0xF7, 0xE0, 0xF7, 0xE0, 0xF7,
    0xE0, 0xF7, 0xE0, 0xF7, 0xE0, 0xF7, 0xE0, 0xF7, 0xE0, 0xF7, 0xE0, 0xE7, 0x60, 0x9D, 0x00, 0x10,
    0xA0, 0x28, 0x00, 0xA9, 0x4A, 0x60, 0xBE, 0x00, 0xF7, 0xC0, 0xF7, 0xE0, 0xF7, 0xE0, 0xF7, 0xE0,
    0xF7, 0xE0, 0xF7, 0xE0, 0xF7, 0xE0, 0xF7, 0xE0, 0xF7, 0xE0, 0xF7, 0xE0, 0xF7, 0xE0, 0xF7, 0xE0,
    0xF7, 0xE0, 0xF7, 0xE0, 0xF7, 0xE0, 0xF7, 0xE0, 0xF7, 0xE0, 0xCE, 0x80, 0x63, 0x20, 0x26, 0x00,
    0x9D, 0x31, 0xA0, 0xF7, 0xE0, 0xF7, 0xE0, 0xF7, 0xE0, 0xF7, 0xE0, 0xF7, 0xE0, 0xF7, 0xE0, 0xF7,
    0xE0, 0xF7, 0xE0, 0xF7, 0xE0, 0xF7, 0xE0, 0xF7, 0xE0, 0xE7, 0x40, 0x9D, 0x20, 0x10, 0x80, 0x28,
    0x00, 0xA9, 0x4A, 0x60, 0xBE, 0x00, 0xF7, 0xC0, 0xF7, 0xE0, 0xF7, 0xE0, 0xF7, 0xE0, 0xF7, 0xE0,
    0xF7, 0xE0, 0xF7, 0xE0, 0xF7, 0xE0, 0xF7, 0xE0, 0xF7, 0xE0, 0xF7, 0xE0, 0xF7, 0xE0, 0xF7, 0xE0,
    0xF7, 0xE0, 0xF7, 0xE0, 0xF7, 0xE0, 0xF7, 0xE0, 0xCE, 0x60, 0x63, 0x20, 0x26, 0x00, 0x9D, 0x31,
    0xA0, 0xB5, 0xE0, 0xF7, 0xE0, 0xF7, 0xE0, 0xF7, 0xE0, 0xF7, 0xE0, 0xF7, 0xE0, 0xF7, 0xE0, 0xF7,
    0xE0, 0xF7, 0xE0, 0xF7, 0xE0, 0xF7, 0xE0, 0xE7, 0x40, 0x9D, 0x00, 0x08, 0x80, 0x28, 0x00, 0xA8,
    0x4A, 0x80, 0xBE, 0x00, 0xF7, 0xC0, 0xF7, 0xE0, 0xF7, 0xE0, 0xF7, 0xE0, 0xF7, 0xE0, 0xF7, 0xE0,
    0xF7, 0xE0, 0xF7, 0xE0, 0xF7, 0xE0, 0xF7, 0xE0, 0xF7, 0xE0, 0xF7, 0xE0, 0xF7, 0xE0, 0xF7, 0xE0,
    0xF7, 0xE0, 0xF7, 0xE0, 0xF7, 0xE0, 0xCE, 0x80, 0x5B, 0x27, 0x00, 0x9D, 0x31, 0xC0, 0xB5, 0xE0,
    0xEF, 0xA0, 0xF7, 0xE0, 0xF7, 0xE0, 0xF7, 0xE0, 0xF7, 0xE0, 0xF7, 0xE0, 0xF7, 0xE0, 0xF7, 0xE0,
    0xF7, 0xE0, 0xF7, 0xE0, 0xE7, 0x40, 0x9C, 0xE0, 0x08, 0x60, 0x28, 0x00, 0xA8, 0x52, 0x80, 0xC6,
    0x20, 0xF7, 0xC0, 0xF7, 0xE0, 0xF7, 0xE0, 0xF7, 0xE0, 0xF7, 0xE0, 0xF7, 0xE0, 0xF7, 0xE0, 0xF7,
    0xE0, 0xF7, 0xE0, 0xF7, 0xE0, 0xF7, 0xE0, 0xF7, 0xE0, 0xF7, 0xE0, 0xF7, 0xE0, 0xF7, 0xE0, 0xF7,
    0xE0, 0xF7, 0xE0, 0xC6, 0x60, 0x5B, 0x27, 0x00, 0x9D, 0x39, 0xE0, 0xBE, 0x00, 0xEF, 0xA0, 0xF7,
    0xE0, 0xF7, 0xE0, 0xF7, 0xE0, 0xF7, 0xE0, 0xF7, 0xE0, 0xF7, 0xE0, 0xF7, 0xE0, 0xF7, 0xE0, 0xF7,
    0xE0, 0xE7, 0x40, 0x94, 0xE0, 0x08, 0x60, 0x28, 0x00, 0xA9, 0x52, 0xA0, 0xC6, 0x20, 0xF7, 0xC0,
    0xF7, 0xE0, 0xF7, 0xE0, 0xF7, 0xE0, 0xF7, 0xE0, 0xF7, 0xE0, 0xF7, 0xE0, 0xF7, 0xE0, 0xF7, 0xE0,
    0xF7, 0xE0, 0xF7, 0xE0, 0xF7, 0xE0, 0xF7, 0xE0, 0xF7, 0xE0, 0xF7, 0xE0, 0xF7, 0xE0, 0xF7, 0xE0,
    0xCE, 0x60, 0x5A, 0xE0, 0x26, 0x00, 0x9D, 0x39, 0xE0, 0xBD, 0xE0, 0xEF, 0xA0, 0xF7, 0xE0, 0xF7,
    0xE0, 0xF7, 0xE0, 0xF7, 0xE0, 0xF7, 0xE0, 0xF7, 0xE0, 0xF7, 0xE0, 0xF7, 0xE0, 0xF7, 0xE0, 0xE7,
    0x40, 0x94, 0xC0, 0x08, 0x40, 0x28, 0x00, 0xA9, 0x52, 0xC0, 0xC6, 0x20, 0xF7, 0xE0, 0xF7, 0xE0,
    0xF7, 0xE0, 0xF7, 0xE0, 0xF7, 0xE0, 0xF7, 0xE0, 0xF7, 0xE0, 0xF7, 0xE0, 0xF7, 0xE0, 0xF7, 0xE0,
    0xF7, 0xE0, 0xF7, 0xE0, 0xF7, 0xE0, 0xF7, 0xE0, 0xF7, 0xE0, 0xF7, 0xE0, 0xF7, 0xE0, 0xC6, 0x40,
    0x5A, 0xC0, 0x26, 0x00, 0x9D, 0x3A, 0x00, 0xBE, 0x00, 0xEF, 0xA0, 0xF7, 0xE0, 0xF7, 0xE0, 0xF7,
    0xE0, 0xF7, 0xE0, 0xF7, 0xE0, 0xF7, 0xE0, 0xF7, 0xE0, 0xF7, 0xE0, 0xF7, 0xE0, 0xE7, 0x40, 0x94,
    0xA0, 0x08, 0x40, 0x28, 0x00, 0xA9, 0x52, 0xC0, 0xC6, 0x40, 0xF7, 0xE0, 0xF7, 0xE0, 0xF7, 0xE0,
    0xF7, 0xE0, 0xF7, 0xE0, 0xF7, 0xE0, 0xF7, 0xE0, 0xF7, 0xE0, 0xF7, 0xE0, 0xF7, 0xE0, 0xF7, 0xE0,
    0xF7, 0xE0, 0xF7, 0xE0, 0xF7, 0xE0, 0xF7, 0xE0, 0xF7, 0xE0, 0xF7, 0xC0, 0xC6, 0x60, 0x52, 0xA0,
    0x26, 0x00, 0x9D, 0x42, 0x00, 0xBE, 0x00, 0xEF, 0xA0, 0xF7, 0xE0, 0xF7, 0xE0, 0xF7, 0xE0, 0xF7,
    0xE0, 0xF7, 0xE0, 0xF7, 0xE0, 0xF7, 0xE0, 0xF7, 0xE0, 0xF7, 0xE0, 0xE7, 0x40, 0x94, 0xA0, 0x00,
    0x20, 0x28, 0x00, 0xA9, 0x5A, 0xE0, 0xC6, 0x40, 0xF7, 0xE0, 0xF7, 0xE0, 0xF7, 0xE0, 0xF7, 0xE0,
    0xF7, 0xE0, 0xF7, 0xE0, 0xF7, 0xE0, 0xF7, 0xE0, 0xF7, 0xE0, 0xF7, 0xE0, 0xF7, 0xE0, 0xF7, 0xE0,
    0xF7, 0xE0, 0xF7, 0xE0, 0xF7, 0xE0, 0xF7, 0xE0, 0xF7, 0xC0, 0xC6, 0x40, 0x52, 0xA0, 0x26, 0x00,
    0x9D, 0x42, 0x20, 0xBE, 0x00, 0xEF, 0xA0, 0xF7, 0xE0, 0xF7, 0xE0, 0xF7, 0xE0, 0xF7, 0xE0, 0xF7,
    0xE0, 0xF7, 0xE0, 0xF7, 0xE0, 0xF7, 0xE0, 0xF7, 0xE0, 0xE7, 0x40, 0x8C, 0x80, 0x00, 0x20, 0x28,
    0x00, 0xA9, 0x5A, 0xE0, 0xC6, 0x60, 0xF7, 0xE0, 0xF7, 0xE0, 0xF7, 0xE0, 0xF7, 0xE0, 0xF7, 0xE0,
    0xF7, 0xE0, 0xF7, 0xE0, 0xF7, 0xE0, 0xF7, 0xE0, 0xF7, 0xE0, 0xF7, 0xE0, 0xF7, 0xE0, 0xF7, 0xE0,
    0xF7, 0xE0, 0xF7, 0xE0, 0xF7, 0xE0, 0xF7, 0xC0, 0xC6, 0x40, 0x4A, 0x80, 0x26, 0x00, 0x9D, 0x42,
    0x40, 0xBE, 0x20, 0xF7, 0xC0, 0xF7, 0xE0, 0xF7, 0xE0, 0xF7, 0xE0, 0xF7, 0xE0, 0xF7, 0xE0, 0xF7,
    0xE0, 0xF7, 0xE0, 0xF7, 0xE0, 0xF7, 0xE0, 0xE7, 0x20, 0x8C, 0x80, 0x00, 0x20, 0x28, 0x00, 0xA9,
    0x63, 0x00, 0xC6, 0x40, 0xF7, 0xE0, 0xF7, 0xE0, 0xF7, 0xE0, 0xF7, 0xE0, 0xF7, 0xE0, 0xF7, 0xE0,
    0xF7, 0xE0, 0xF7, 0xE0, 0xF7, 0xE0, 0xF7, 0xE0, 0xF7, 0xE0, 0xF7, 0xE0, 0xF7, 0xE0, 0xF7, 0xE0,
    0xF7, 0xE0, 0xF7, 0xE0, 0xF7, 0xC0, 0xC6, 0x20, 0x4A, 0x80, 0x26, 0x00, 0x9B, 0x4A, 0x60, 0xBE,
    0x20, 0xF7, 0xC0, 0xF7, 0xE0, 0xF7, 0xE0, 0xF7, 0xE0, 0xF7, 0xE0, 0xF7, 0xE0, 0xF7, 0xE0, 0xF7,
    0xE0, 0xF7, 0xE0, 0xF7, 0xE0, 0xE7, 0x20, 0x8C, 0x60, 0x2A, 0x00, 0xA9, 0x63, 0x00, 0xC6, 0x60,
    0xF7, 0xE0, 0xF7, 0xE0, 0xF7, 0xE0, 0xF7, 0xE0, 0xF7, 0xE0, 0xF7, 0xE0, 0xF7, 0xE0, 0xF7, 0xE0,
    0xF7, 0xE0, 0xF7, 0xE0, 0xF7, 0xE0, 0xF7, 0xE0, 0xF7, 0xE0, 0xF7, 0xE0, 0xF7, 0xE0, 0xF7, 0xE0,
    0xF7, 0xC0, 0xC6, 0x40, 0x4A, 0x60, 0x26, 0x00, 0x9B, 0x4A, 0x60, 0xC6, 0x20, 0xF7, 0xC0, 0xF7,
    0xE0, 0xF7, 0xE0, 0xF7, 0xE0, 0xF7, 0xE0, 0xF7, 0xE0, 0xF7, 0xE0, 0xF7, 0xE0, 0xF7, 0xE0, 0xF7,
    0xE0, 0xDF, 0x20, 0x84, 0x40, 0x2A, 0x00, 0xA9, 0x63, 0x40, 0xC6, 0x40, 0xF7, 0xE0, 0xF7, 0xE0,
    0xF7, 0xE0, 0xF7, 0xE0, 0xF7, 0xE0, 0xF7, 0xE0, 0xF7, 0xE0, 0xF7, 0xE0, 0xF7, 0xE0, 0xF7, 0xE0,
    0xF7, 0xE0, 0xF7, 0xE0, 0xF7, 0xE0, 0xF7, 0xE0, 0xF7, 0xE0, 0xF7, 0xE0, 0xF7, 0xC0, 0xC6, 0x20,
    0x4A, 0x40, 0x26, 0x00, 0x9B, 0x4A, 0x80, 0xC6, 0x20, 0xF7, 0xC0, 0xF7, 0xE0, 0xF7, 0xE0, 0xF7,
    0xE0, 0xF7, 0xE0, 0xF7, 0xE0, 0xF7, 0xE0, 0xF7, 0xE0, 0xF7, 0xE0, 0xF7, 0xE0, 0xDF, 0x20, 0x84,
    0x40, 0x2A, 0x00, 0xA9, 0x63, 0x20, 0xCE, 0x80, 0xF7, 0xE0, 0xF7, 0xE0, 0xF7, 0xE0, 0xF7, 0xE0,
    0xF7, 0xE0, 0xF7, 0xE0, 0xF7, 0xE0, 0xF7, 0xE0, 0xF7, 0xE0, 0xF7, 0xE0, 0xF7, 0xE0, 0xF7, 0xE0,
    0xF7, 0xE0, 0xF7, 0xE0, 0xF7, 0xE0, 0xF7, 0xE0, 0xF7, 0xC0, 0xC6, 0x20, 0x42, 0x20, 0x26, 0x00,
    0x9B, 0x52, 0x80, 0xC6, 0x40, 0xF7, 0xC0, 0xF7, 0xE0, 0xF7, 0xE0, 0xF7, 0xE0, 0xF7, 0xE0, 0xF7,
    0xE0, 0xF7, 0xE0, 0xF7, 0xE0, 0xF7, 0xE0, 0xF7, 0xE0, 0xF7, 0xE0, 0x84, 0x20, 0x2A, 0x00, 0xA9,
    0x6B, 0x40, 0xCE, 0x60, 0xF7, 0xE0, 0xF7, 0xE0, 0xF7, 0xE0, 0xF7, 0xE0, 0xF7, 0xE0, 0xF7, 0xE0,
    0xF7, 0xE0, 0xF7, 0xE0, 0xF7, 0xE0, 0xF7, 0xE0, 0xF7, 0xE0, 0xF7, 0xE0, 0xF7, 0xE0, 0xF7, 0xE0,
    0xF7, 0xE0, 0xF7, 0xE0, 0xF7, 0xC0, 0xBE, 0x20, 0x42, 0x20, 0x26, 0x00, 0x9B, 0x52, 0xA0, 0xC6,
    0x40, 0xF7, 0xC0, 0xF7, 0xE0, 0xF7, 0xE0, 0xF7, 0xE0, 0xF7, 0xE0, 0xF7, 0xE0, 0xF7, 0xE0, 0xF7,
    0xE0, 0xF7, 0xE0, 0xF7, 0xE0, 0xF7, 0xE0, 0xF7, 0xE0, 0x2A, 0x00, 0xA8, 0x6B, 0x60, 0xCE, 0x80,
    0xF7, 0xE0, 0xF7, 0xE0, 0xF7, 0xE0, 0xF7, 0xE0, 0xF7, 0xE0, 0xF7, 0xE0, 0xF7, 0xE0, 0xF7, 0xE0,
    0xF7, 0xE0, 0xF7, 0xE0, 0xF7, 0xE0, 0xF7, 0xE0, 0xF7, 0xE0, 0xF7, 0xE0, 0xF7, 0xE0, 0xF7, 0xE0,
    0xEF, 0xA0, 0xBE, 0x00, 0x42, 0x27, 0x00, 0x9D, 0x52, 0xA0, 0xC6, 0x40, 0xF7, 0xE0, 0xF7, 0xE0,
    0xF7, 0xE0, 0xF7, 0xE0, 0xF7, 0xE0, 0xF7, 0xE0, 0xF7, 0xE0, 0xF7, 0xE0, 0xF7, 0xE0, 0xF7, 0xE0,
    0xF7, 0xE0, 0xF7, 0xE0, 0xF7, 0xE0, 0x28, 0x00, 0xA9, 0x6B, 0x80, 0xCE, 0x80, 0xF7, 0xE0, 0xF7,
    0xE0, 0xF7, 0xE0, 0xF7, 0xE0, 0xF7, 0xE0, 0xF7, 0xE0, 0xF7, 0xE0, 0xF7, 0xE0, 0xF7, 0xE0, 0xF7,
    0xE0, 0xF7, 0xE0, 0xF7, 0xE0, 0xF7, 0xE0, 0xF7, 0xE0, 0xF7, 0xE0, 0xF7, 0xE0, 0xEF, 0xA0, 0xBE,
    0x00, 0x39, 0xE0, 0x26, 0x00, 0x9F, 0x5A, 0xE0, 0xC6, 0x40, 0xF7, 0xE0, 0xF7, 0xE0, 0xF7, 0xE0,
    0xF7, 0xE0, 0xF7, 0xE0, 0xF7, 0xE0, 0xF7, 0xE0, 0xF7, 0xE0, 0xF7, 0xE0, 0xF7, 0xE0, 0xF7, 0xE0,
    0xF7, 0xE0, 0xF7, 0xE0, 0xF7, 0xE0, 0x26, 0x00, 0xA9, 0x6B, 0x80, 0xCE, 0x80, 0xF7, 0xE0, 0xF7,
    0xE0, 0xF7, 0xE0, 0xF7, 0xE0, 0xF7, 0xE0, 0xF7, 0xE0, 0xF7, 0xE0, 0xF7, 0xE0, 0xF7, 0xE0, 0xF7,
    0xE0, 0xF7, 0xE0, 0xF7, 0xE0, 0xF7, 0xE0, 0xF7, 0xE0, 0xF7, 0xE0, 0xF7, 0xE0, 0xEF, 0xA0, 0xBE,
    0x00, 0x39, 0xE0, 0x26, 0x00, 0xA1, 0x5A, 0xC0, 0xC6, 0x60, 0xF7, 0xE0, 0xF7, 0xE0, 0xF7, 0xE0,
    0xF7, 0xE0, 0xF7, 0xE0, 0xF7, 0xE0, 0xF7, 0xE0, 0xF7, 0xE0, 0xF7, 0xE0, 0xF7, 0xE0, 0xF7, 0xE0,
    0xF7, 0xE0, 0xF7, 0xE0, 0xF7, 0xE0, 0xF7, 0xE0, 0x24, 0x00, 0xA9, 0x6B, 0x80, 0xCE, 0x80, 0xF7,
    0xE0, 0xF7, 0xE0, 0xF7, 0xE0, 0xF7, 0xE0, 0xF7, 0xE0, 0xF7, 0xE0, 0xF7, 0xE0, 0xF7, 0xE0, 0xF7,
    0xE0, 0xF7, 0xE0, 0xF7, 0xE0, 0xF7, 0xE0, 0xF7, 0xE0, 0xF7, 0xE0, 0xF7, 0xE0, 0xF7, 0xE0, 0xEF,
    0xA0, 0xBE, 0x00, 0x39, 0xC0, 0x26, 0x00, 0xA3, 0x5B, 0x00, 0xC6, 0x40, 0xF7, 0xE0, 0xF7, 0xE0,
    0xF7, 0xE0, 0xF7, 0xE0, 0xF7, 0xE0, 0xF7, 0xE0, 0xF7, 0xE0, 0xF7, 0xE0, 0xF7, 0xE0, 0xF7, 0xE0,
    0xF7, 0xE0, 0xF7, 0xE0, 0xF7, 0xE0, 0xF7, 0xE0, 0xF7, 0xE0, 0xF7, 0xE0, 0x22, 0x00, 0xA9, 0x73,
    0xA0, 0xCE, 0xA0, 0xF7, 0xE0, 0xF7, 0xE0, 0xF7, 0xE0, 0xF7, 0xE0, 0xF7, 0xE0, 0xF7, 0xE0, 0xF7,
    0xE0, 0xF7, 0xE0, 0xF7, 0xE0, 0xF7, 0xE0, 0xF7, 0xE0, 0xF7, 0xE0, 0xF7, 0xE0, 0xF7, 0xE0, 0xF7,
    0xE0, 0xF7, 0xE0, 0xEF, 0xA0, 0xBD, 0xE0, 0x31, 0xC0, 0x26, 0x00, 0xA5, 0x5B, 0x00, 0xCE, 0x60,
    0xF7, 0xE0, 0xF7, 0xE0, 0xF7, 0xE0, 0xF7, 0xE0, 0xF7, 0xE0, 0xF7, 0xE0, 0xF7, 0xE0, 0xF7, 0xE0,
    0xF7, 0xE0, 0xF7, 0xE0, 0xF7, 0xE0, 0xF7, 0xE0, 0xF7, 0xE0, 0xF7, 0xE0, 0xF7, 0xE0, 0xF7, 0xE0,
    0xF7, 0xC0, 0x20, 0x00, 0xA9, 0x73, 0xC0, 0xCE, 0xA0, 0xF7, 0xE0, 0xF7, 0xE0, 0xF7, 0xE0, 0xF7,
    0xE0, 0xF7, 0xE0, 0xF7, 0xE0, 0xF7, 0xE0, 0xF7, 0xE0, 0xF7, 0xE0, 0xF7, 0xE0, 0xF7, 0xE0, 0xF7,
    0xE0, 0xF7, 0xE0, 0xF7, 0xE0, 0xF7, 0xE0, 0xF7, 0xE0, 0xEF, 0xA0, 0xBD, 0xE0, 0x31, 0xA0, 0x26,
    0x00, 0xA7, 0x63, 0x20, 0xC6, 0x60, 0xF7, 0xE0, 0xF7, 0xE0, 0xF7, 0xE0, 0xF7, 0xE0, 0xF7, 0xE0,
    0xF7, 0xE0, 0xF7, 0xE0, 0xF7, 0xE0, 0xF7, 0xE0, 0xF7, 0xE0, 0xF7, 0xE0, 0xF7, 0xE0, 0xF7, 0xE0,
    0xF7, 0xE0, 0xF7, 0xE0, 0xF7, 0xE0, 0xF7, 0xC0, 0xBE, 0x20, 0x1D, 0x00, 0xAA, 0x20, 0x73, 0xC0,
    0xCE, 0xA0, 0xF7, 0xE0, 0xF7, 0xE0, 0xF7, 0xE0, 0xF7, 0xE0, 0xF7, 0xE0, 0xF7, 0xE0, 0xF7, 0xE0,
    0xF7, 0xE0, 0xF7, 0xE0, 0xF7, 0xE0, 0xF7, 0xE0, 0xF7, 0xE0, 0xF7, 0xE0, 0xF7, 0xE0, 0xF7, 0xE0,
    0xF7, 0xE0, 0xEF, 0xA0, 0xB5, 0xE0, 0x31, 0x80, 0x26, 0x00, 0xA9, 0x63, 0x20, 0xCE, 0x80, 0xF7,
    0xE0, 0xF7, 0xE0, 0xF7, 0xE0, 0xF7, 0xE0, 0xF7, 0xE0, 0xF7, 0xE0, 0xF7, 0xE0, 0xF7, 0xE0, 0xF7,
    0xE0, 0xF7, 0xE0, 0xF7, 0xE0, 0xF7, 0xE0, 0xF7, 0xE0, 0xF7, 0xE0, 0xF7, 0xE0, 0xF7, 0xE0, 0xF7,
    0xC0, 0xBE, 0x00, 0x4A, 0x40, 0x1B, 0x00, 0xAA, 0x20, 0x73, 0xC0, 0xD6, 0xA0, 0xF7, 0xE0, 0xF7,
    0xE0, 0xF7, 0xE0, 0xF7, 0xE0, 0xF7, 0xE0, 0xF7, 0xE0, 0xF7, 0xE0, 0xF7, 0xE0, 0xF7, 0xE0, 0xF7,
    0xE0, 0xF7, 0xE0, 0xF7, 0xE0, 0xF7, 0xE0, 0xF7, 0xE0, 0xF7, 0xE0, 0xF7, 0xE0, 0xEF, 0x80, 0xB5,
    0xE0, 0x29, 0x80, 0x26, 0x00, 0xA9, 0x63, 0x40, 0xCE, 0x60, 0xF7, 0xE0, 0xF7, 0xE0, 0xF7, 0xE0,
    0xF7, 0xE0, 0xF7, 0xE0, 0xF7, 0xE0, 0xF7, 0xE0, 0xF7, 0xE0, 0xF7, 0xE0, 0xF7, 0xE0, 0xF7, 0xE0,
    0xF7, 0xE0, 0xF7, 0xE0, 0xF7, 0xE0, 0xF7, 0xE0, 0xF7, 0xE0, 0xF7, 0xC0, 0xBE, 0x20, 0x42, 0x40,
    0x1B, 0x00, 0xAA, 0x20, 0x7B, 0xE0, 0xD6, 0xA0, 0xF7, 0xE0, 0xF7, 0xE0, 0xF7, 0xE0, 0xF7, 0xE0,
    0xF7, 0xE0, 0xF7, 0xE0, 0xF7, 0xE0, 0xF7, 0xE0, 0xF7, 0xE0, 0xF7, 0xE0, 0xF7, 0xE0, 0xF7, 0xE0,
    0xF7, 0xE0, 0xF7, 0xE0, 0xF7, 0xE0, 0xF7, 0xE0, 0xEF, 0xA0, 0xB5, 0xC0, 0x29, 0x60, 0x26, 0x00,
    0xA9, 0x6B, 0x40, 0xCE, 0x80, 0xF7, 0xE0, 0xF7, 0xE0, 0xF7, 0xE0, 0xF7, 0xE0, 0xF7, 0xE0, 0xF7,
    0xE0, 0xF7, 0xE0, 0xF7, 0xE0, 0xF7, 0xE0, 0xF7, 0xE0, 0xF7, 0xE0, 0xF7, 0xE0, 0xF7, 0xE0, 0xF7,
    0xE0, 0xF7, 0xE0, 0xF7, 0xE0, 0xEF, 0xA0, 0xBE, 0x00, 0x42, 0x20, 0x1A, 0x00, 0xAB, 0x08, 0x40,
    0x7B, 0xE0, 0xD6, 0xC0, 0xF7, 0xE0, 0xF7, 0xE0, 0xF7, 0xE0, 0xF7, 0xE0, 0xF7, 0xE0, 0xF7, 0xE0,
    0xF7, 0xE0, 0xF7, 0xE0, 0xF7, 0xE0, 0xF7, 0xE0, 0xF7, 0xE0, 0xF7, 0xE0, 0xF7, 0xE0, 0xF7, 0xE0,
    0xF7, 0xE0, 0xF7, 0xE0, 0xEF, 0x80, 0xB5, 0xC0, 0x29, 0x40, 0x26, 0x00, 0xA8, 0x6B, 0x60, 0xCE,
    0x80, 0xF7, 0xE0, 0xF7, 0xE0, 0xF7, 0xE0, 0xF7, 0xE0, 0xF7, 0xE0, 0xF7, 0xE0, 0xF7, 0xE0, 0xF7,
    0xE0, 0xF7, 0xE0, 0xF7, 0xE0, 0xF7, 0xE0, 0xF7, 0xE0, 0xF7, 0xE0, 0xF7, 0xE0, 0xF7, 0xE0, 0xF7,
    0xE0, 0xEF, 0xA0, 0xBE, 0x00, 0x42, 0x1B, 0x00, 0xAB, 0x08, 0x40, 0x7C, 0x00, 0xD6, 0xC0, 0xF7,
    0xE0, 0xF7, 0xE0, 0xF7, 0xE0, 0xF7, 0xE0, 0xF7, 0xE0, 0xF7, 0xE0, 0xF7, 0xE0, 0xF7, 0xE0, 0xF7,
    0xE0, 0xF7, 0xE0, 0xF7, 0xE0, 0xF7, 0xE0, 0xF7, 0xE0, 0xF7, 0xE0, 0xF7, 0xE0, 0xF7, 0xE0, 0xEF,
    0x80, 0xB5, 0xA0, 0x21, 0x40, 0x26, 0x00, 0xA8, 0x6B, 0x80, 0xCE, 0x80, 0xF7, 0xE0, 0xF7, 0xE0,
    0xF7, 0xE0, 0xF7, 0xE0, 0xF7, 0xE0, 0xF7, 0xE0, 0xF7, 0xE0, 0xF7, 0xE0, 0xF7, 0xE0, 0xF7, 0xE0,
    0xF7, 0xE0, 0xF7, 0xE0, 0xF7, 0xE0, 0xF7, 0xE0, 0xF7, 0xE0, 0xF7, 0xE0, 0xEF, 0xA0, 0xBD, 0xE0,
    0x3A, 0x1B, 0x00, 0xAB, 0x08, 0x40, 0x7C, 0x00, 0xD6, 0xC0, 0xF7, 0xE0, 0xF7, 0xE0, 0xF7, 0xE0,
    0xF7, 0xE0, 0xF7, 0xE0, 0xF7, 0xE0, 0xF7, 0xE0, 0xF7, 0xE0, 0xF7, 0xE0, 0xF7, 0xE0, 0xF7, 0xE0,
    0xF7, 0xE0, 0xF7, 0xE0, 0xF7, 0xE0, 0xF7, 0xE0, 0xF7, 0xE0, 0xEF, 0x80, 0xB5, 0xA0, 0x21, 0x20,
    0x26, 0x00, 0xA9, 0x6B, 0x80, 0xCE, 0xA0, 0xF7, 0xE0, 0xF7, 0xE0, 0xF7, 0xE0, 0xF7, 0xE0, 0xF7,
    0xE0, 0xF7, 0xE0, 0xF7, 0xE0, 0xF7, 0xE0, 0xF7, 0xE0, 0xF7, 0xE0, 0xF7, 0xE0, 0xF7, 0xE0, 0xF7,
    0xE0, 0xF7, 0xE0, 0xF7, 0xE0, 0xF7, 0xE0, 0xEF, 0xA0, 0xBD, 0xE0, 0x39, 0xE0, 0x1A, 0x00, 0xAA,
    0x08, 0x60, 0x84, 0x20, 0xD6, 0xC0, 0xF7, 0xE0, 0xF7, 0xE0, 0xF7, 0xE0, 0xF7, 0xE0, 0xF7, 0xE0,
    0xF7, 0xE0, 0xF7, 0xE0, 0xF7, 0xE0, 0xF7, 0xE0, 0xF7, 0xE0, 0xF7, 0xE0, 0xF7, 0xE0, 0xF7, 0xE0,
    0xF7, 0xE0, 0xF7, 0xE0, 0xF7, 0xE0, 0xEF, 0x80, 0xAD, 0xA0, 0x21, 0x27, 0x00, 0xA9, 0x73, 0xA0,
    0xCE, 0xA0, 0xF7, 0xE0, 0xF7, 0xE0, 0xF7, 0xE0, 0xF7, 0xE0, 0xF7, 0xE0, 0xF7, 0xE0, 0xF7, 0xE0,
    0xF7, 0xE0, 0xF7, 0xE0, 0xF7, 0xE0, 0xF7, 0xE0, 0xF7, 0xE0, 0xF7, 0xE0, 0xF7, 0xE0, 0xF7, 0xE0,
    0xF7, 0xE0, 0xEF, 0xA0, 0xB5, 0xE0, 0x39, 0xE0, 0x1A, 0x00, 0xAA, 0x08, 0x80, 0x84, 0x20, 0xD6,
    0xE0, 0xF7, 0xE0, 0xF7, 0xE0, 0xF7, 0xE0, 0xF7, 0xE0, 0xF7, 0xE0, 0xF7, 0xE0, 0xF7, 0xE0, 0xF7,
    0xE0, 0xF7, 0xE0, 0xF7, 0xE0, 0xF7, 0xE0, 0xF7, 0xE0, 0xF7, 0xE0, 0xF7, 0xE0, 0xF7, 0xE0, 0xF7,
    0xE0, 0xEF, 0x80, 0xAD, 0x80, 0x21, 0x27, 0x00, 0xA9, 0x73, 0xA0, 0xCE, 0xA0, 0xF7, 0xE0, 0xF7,
    0xE0, 0xF7, 0xE0, 0xF7, 0xE0, 0xF7, 0xE0, 0xF7, 0xE0, 0xF7, 0xE0, 0xF7, 0xE0, 0xF7, 0xE0, 0xF7,
    0xE0, 0xF7, 0xE0, 0xF7, 0xE0, 0xF7, 0xE0, 0xF7, 0xE0, 0xF7, 0xE0, 0xF7, 0xE0, 0xEF, 0xA0, 0xBD,
    0xE0, 0x31, 0xC0, 0x1A, 0x00, 0xAB, 0x08, 0x80, 0x84, 0x40, 0xD6, 0xE0, 0xF7, 0xE0, 0xF7, 0xE0,
    0xF7, 0xE0, 0xF7, 0xE0, 0xF7, 0xE0, 0xF7, 0xE0, 0xF7, 0xE0, 0xF7, 0xE0, 0xF7, 0xE0, 0xF7, 0xE0,
    0xF7, 0xE0, 0xF7, 0xE0, 0xF7, 0xE0, 0xF7, 0xE0, 0xF7, 0xE0, 0xF7, 0xE0, 0xEF, 0x80, 0xAD, 0x80,
    0x18, 0xE0, 0x26, 0x00, 0xA9, 0x73, 0xC0, 0xCE, 0xA0, 0xF7, 0xE0, 0xF7, 0xE0, 0xF7, 0xE0, 0xF7,
    0xE0, 0xF7, 0xE0, 0xF7, 0xE0, 0xF7, 0xE0, 0xF7, 0xE0, 0xF7, 0xE0, 0xF7, 0xE0, 0xF7, 0xE0, 0xF7,
    0xE0, 0xF7, 0xE0, 0xF7, 0xE0, 0xF7, 0xE0, 0xF7, 0xE0, 0xEF, 0xA0, 0xB5, 0xC0, 0x31, 0xA0, 0x1A,
    0x00, 0xAB, 0x10, 0x80, 0x84, 0x40, 0xDF, 0x00, 0xF7, 0xE0, 0xF7, 0xE0, 0xF7, 0xE0, 0xF7, 0xE0,
    0xF7, 0xE0, 0xF7, 0xE0, 0xF7, 0xE0, 0xF7, 0xE0, 0xF7, 0xE0, 0xF7, 0xE0, 0xF7, 0xE0, 0xF7, 0xE0,
    0xF7, 0xE0, 0xF7, 0xE0, 0xF7, 0xE0, 0xF7, 0xE0, 0xEF, 0x80, 0xAD, 0x60, 0x18, 0xE0, 0x26, 0x00,
    0xA9, 0x73, 0xC0, 0xD6, 0xC0, 0xF7, 0xE0, 0xF7, 0xE0, 0xF7, 0xE0, 0xF7, 0xE0, 0xF7, 0xE0, 0xF7,
    0xE0, 0xF7, 0xE0, 0xF7, 0xE0, 0xF7, 0xE0, 0xF7, 0xE0, 0xF7, 0xE0, 0xF7, 0xE0, 0xF7, 0xE0, 0xF7,
    0xE0, 0xF7, 0xE0, 0xF7, 0xE0, 0xEF, 0x80, 0xB5, 0xE0, 0x31, 0x80, 0x1A, 0x00, 0xAB, 0x10, 0xA0,
    0x8C, 0x60, 0xD6, 0xE0, 0xF7, 0xE0, 0xF7, 0xE0, 0xF7, 0xE0, 0xF7, 0xE0, 0xF7, 0xE0, 0xF7, 0xE0,
    0xF7, 0xE0, 0xF7, 0xE0, 0xF7, 0xE0, 0xF7, 0xE0, 0xF7, 0xE0, 0xF7, 0xE0, 0xF7, 0xE0, 0xF7, 0xE0,
    0xF7, 0xE0, 0xF7, 0xE0, 0xEF, 0x60, 0xAD, 0x60, 0x10, 0xC0, 0x25, 0x00, 0xAA, 0x20, 0x7B, 0xE0,
    0xD6, 0xC0, 0xF7, 0xE0, 0xF7, 0xE0, 0xF7, 0xE0, 0xF7, 0xE0, 0xF7, 0xE0, 0xF7, 0xE0, 0xF7, 0xE0,
    0xF7, 0xE0, 0xF7, 0xE0, 0xF7, 0xE0, 0xF7, 0xE0, 0xF7, 0xE0, 0xF7, 0xE0, 0xF7, 0xE0, 0xF7, 0xE0,
    0xF7, 0xE0, 0xEF, 0x80, 0xB5, 0xC0, 0x29, 0x80, 0x1A, 0x00, 0xAB, 0x10, 0xA0, 0x8C, 0x60, 0xDF,
    0x00, 0xF7, 0xE0, 0xF7, 0xE0, 0xF7, 0xE0, 0xF7, 0xE0, 0xF7, 0xE0, 0xF7, 0xE0, 0xF7, 0xE0, 0xF7,
    0xE0, 0xF7, 0xE0, 0xF7, 0xE0, 0xF7, 0xE0, 0xF7, 0xE0, 0xF7, 0xE0, 0xF7, 0xE0, 0xF7, 0xE0, 0xF7,
    0xE0, 0xEF, 0x60, 0xA5, 0x40, 0x10, 0xA0, 0x25, 0x00, 0xAA, 0x20, 0x7B, 0xE0, 0xD6, 0xC0, 0xF7,
    0xE0, 0xF7, 0xE0, 0xF7, 0xE0, 0xF7, 0xE0, 0xF7, 0xE0, 0xF7, 0xE0, 0xF7, 0xE0, 0xF7, 0xE0, 0xF7,
    0xE0, 0xF7, 0xE0, 0xF7, 0xE0, 0xF7, 0xE0, 0xF7, 0xE0, 0xF7, 0xE0, 0xF7, 0xE0, 0xF7, 0xE0, 0xEF,
    0x80, 0xB5, 0xA0, 0x29, 0x60, 0x1A, 0x00, 0xAB, 0x10, 0xA0, 0x8C, 0x80, 0xDF, 0x00, 0xF7, 0xE0,
    0xF7, 0xE0, 0xF7, 0xE0, 0xF7, 0xE0, 0xF7, 0xE0, 0xF7, 0xE0, 0xF7, 0xE0, 0xF7, 0xE0, 0xF7, 0xE0,
    0xF7, 0xE0, 0xF7, 0xE0, 0xF7, 0xE0, 0xF7, 0xE0, 0xF7, 0xE0, 0xF7, 0xE0, 0xF7, 0xE0, 0xE7, 0x60,
    0xA5, 0x40, 0x10, 0xA0, 0x25, 0x00, 0xAA, 0x20, 0x7C, 0x00, 0xD6, 0xC0, 0xF7, 0xE0, 0xF7, 0xE0,
    0xF7, 0xE0, 0xF7, 0xE0, 0xF7, 0xE0, 0xF7, 0xE0, 0xF7, 0xE0, 0xF7, 0xE0, 0xF7, 0xE0, 0xF7, 0xE0,
    0xF7, 0xE0, 0xF7, 0xE0, 0xF7, 0xE0, 0xF7, 0xE0, 0xF7, 0xE0, 0xF7, 0xE0, 0xEF, 0x80, 0xAD, 0xA0,
    0x29, 0x60, 0x1A, 0x00, 0xAB, 0x18, 0xC0, 0x8C, 0x60, 0xDF, 0x00, 0xF7, 0xE0, 0xF7, 0xE0, 0xF7,
    0xE0, 0xF7, 0xE0, 0xF7, 0xE0, 0xF7, 0xE0, 0xF7, 0xE0, 0xF7, 0xE0, 0xF7, 0xE0, 0xF7, 0xE0, 0xF7,
    0xE0, 0xF7, 0xE0, 0xF7, 0xE0, 0xF7, 0xE0, 0xF7, 0xE0, 0xF7, 0xE0, 0xE7, 0x60, 0xA5, 0x40, 0x10,
    0x80, 0x24, 0x00, 0xAB, 0x08, 0x40, 0x7C, 0x00, 0xD6, 0xE0, 0xF7, 0xE0, 0xF7, 0xE0, 0xF7, 0xE0,
    0xF7, 0xE0, 0xF7, 0xE0, 0xF7, 0xE0, 0xF7, 0xE0, 0xF7, 0xE0, 0xF7, 0xE0, 0xF7, 0xE0, 0xF7, 0xE0,
    0xF7, 0xE0, 0xF7, 0xE0, 0xF7, 0xE0, 0xF7, 0xE0, 0xF7, 0xE0, 0xEF, 0x80, 0xB5, 0xA0, 0x29, 0x40,
    0x1A, 0x00, 0xAB, 0x18, 0xE0, 0x8C, 0x80, 0xDF, 0x20, 0xF7, 0xE0, 0xF7, 0xE0, 0xF7, 0xE0, 0xF7,
    0xE0, 0xF7, 0xE0, 0xF7, 0xE0, 0xF7, 0xE0, 0xF7, 0xE0, 0xF7, 0xE0, 0xF7, 0xE0, 0xF7, 0xE0, 0xF7,
    0xE0, 0xF7, 0xE0, 0xF7, 0xE0, 0xF7, 0xE0, 0xF7, 0xE0, 0xE7, 0x60, 0x9D, 0x20, 0x08, 0x80, 0x24,
    0x00, 0xAB, 0x08, 0x40, 0x84, 0x20, 0xD6, 0xC0, 0xF7, 0xE0, 0xF7, 0xE0, 0xF7, 0xE0, 0xF7, 0xE0,
    0xF7, 0xE0, 0xF7, 0xE0, 0xF7, 0xE0, 0xF7, 0xE0, 0xF7, 0xE0, 0xF7, 0xE0, 0xF7, 0xE0, 0xF7, 0xE0,
    0xF7, 0xE0, 0xF7, 0xE0, 0xF7, 0xE0, 0xF7, 0xE0, 0xEF, 0x80, 0xAD, 0x80, 0x21, 0x20, 0x1C, 0x00,
    0xA9, 0x8C, 0x80, 0xDF, 0x20, 0xF7, 0xE0, 0xF7, 0xE0, 0xF7, 0xE0, 0xF7, 0xE0, 0xF7, 0xE0, 0xF7,
    0xE0, 0xF7, 0xE0, 0xF7, 0xE0, 0xF7, 0xE0, 0xF7, 0xE0, 0xF7, 0xE0, 0xF7, 0xE0, 0xF7, 0xE0, 0xF7,
    0xE0, 0xF7, 0xE0, 0xF7, 0xE0, 0xE7, 0x60, 0x9D, 0x00, 0x08, 0x60, 0x24, 0x00, 0xAB, 0x08, 0x60,
    0x84, 0x20, 0xD6, 0xE0, 0xF7, 0xE0, 0xF7, 0xE0, 0xF7, 0xE0, 0xF7, 0xE0, 0xF7, 0xE0, 0xF7, 0xE0,
    0xF7, 0xE0, 0xF7, 0xE0, 0xF7, 0xE0, 0xF7, 0xE0, 0xF7, 0xE0, 0xF7, 0xE0, 0xF7, 0xE0, 0xF7, 0xE0,
    0xF7, 0xE0, 0xF7, 0xE0, 0xEF, 0x80, 0xAD, 0x80, 0x21, 0x20, 0x1E, 0x00, 0xA7, 0xE7, 0x20, 0xF7,
    0xE0, 0xF7, 0xE0, 0xF7, 0xE0, 0xF7, 0xE0, 0xF7, 0xE0, 0xF7, 0xE0, 0xF7, 0xE0, 0xF7, 0xE0, 0xF7,
    0xE0, 0xF7, 0xE0, 0xF7, 0xE0, 0xF7, 0xE0, 0xF7, 0xE0, 0xF7, 0xE0, 0xF7, 0xE0, 0xF7, 0xE0, 0xE7,
    0x60, 0x9D, 0x00, 0x08, 0x60, 0x24, 0x00, 0xAA, 0x08, 0x60, 0x84, 0x40, 0xD6, 0xE0, 0xF7, 0xE0,
    0xF7, 0xE0, 0xF7, 0xE0, 0xF7, 0xE0, 0xF7, 0xE0, 0xF7, 0xE0, 0xF7, 0xE0, 0xF7, 0xE0, 0xF7, 0xE0,
    0xF7, 0xE0, 0xF7, 0xE0, 0xF7, 0xE0, 0xF7, 0xE0, 0xF7, 0xE0, 0xF7, 0xE0, 0xF7, 0xE0, 0xEF, 0x80,
    0xAD, 0x80, 0x21, 0x21, 0x00, 0xA5, 0xF7, 0xE0, 0xF7, 0xE0, 0xF7, 0xE0, 0xF7, 0xE0, 0xF7, 0xE0,
    0xF7, 0xE0, 0xF7, 0xE0, 0xF7, 0xE0, 0xF7, 0xE0, 0xF7, 0xE0, 0xF7, 0xE0, 0xF7, 0xE0, 0xF7, 0xE0,
    0xF7, 0xE0, 0xF7, 0xE0, 0xF7, 0xE0, 0xE7, 0x60, 0x9C, 0xE0, 0x08, 0x40, 0x24, 0x00, 0xAB, 0x08,
    0x80, 0x84, 0x40, 0xDF, 0x00, 0xF7, 0xE0, 0xF7, 0xE0, 0xF7, 0xE0, 0xF7, 0xE0, 0xF7, 0xE0, 0xF7,
    0xE0, 0xF7, 0xE0, 0xF7, 0xE0, 0xF7, 0xE0, 0xF7, 0xE0, 0xF7, 0xE0, 0xF7, 0xE0, 0xF7, 0xE0, 0xF7,
    0xE0, 0xF7, 0xE0, 0xF7, 0xE0, 0xEF, 0x80, 0xAD, 0x60, 0x18, 0xE0, 0x22, 0x00, 0xA3, 0xF7, 0xE0,
    0xF7, 0xE0, 0xF7, 0xE0, 0xF7, 0xE0, 0xF7, 0xE0, 0xF7, 0xE0, 0xF7, 0xE0, 0xF7, 0xE0, 0xF7, 0xE0,
    0xF7, 0xE0, 0xF7, 0xE0, 0xF7, 0xE0, 0xF7, 0xE0, 0xF7, 0xE0, 0xF7, 0xE0, 0xE7, 0x60, 0x94, 0xE0,
    0x08, 0x40, 0x24, 0x00, 0xAB, 0x10, 0x80, 0x8C, 0x60, 0xDE, 0xE0, 0xF7, 0xE0, 0xF7, 0xE0, 0xF7,
    0xE0, 0xF7, 0xE0, 0xF7, 0xE0, 0xF7, 0xE0, 0xF7, 0xE0, 0xF7, 0xE0, 0xF7, 0xE0, 0xF7, 0xE0, 0xF7,
    0xE0, 0xF7, 0xE0, 0xF7, 0xE0, 0xF7, 0xE0, 0xF7, 0xE0, 0xF7, 0xE0, 0xE7, 0x60, 0xAD, 0x60, 0x18,
    0xE0, 0x24, 0x00, 0xA1, 0xF7, 0xE0, 0xF7, 0xE0, 0xF7, 0xE0, 0xF7, 0xE0, 0xF7, 0xE0, 0xF7, 0xE0,
    0xF7, 0xE0, 0xF7, 0xE0, 0xF7, 0xE0, 0xF7, 0xE0, 0xF7, 0xE0, 0xF7, 0xE0, 0xF7, 0xE0, 0xF7, 0xE0,
    0xE7, 0x60, 0x94, 0xC0, 0x00, 0x20, 0x24, 0x00, 0xAB, 0x10, 0xA0, 0x8C, 0x60, 0xDF, 0x00, 0xF7,
    0xE0, 0xF7, 0xE0, 0xF7, 0xE0, 0xF7, 0xE0, 0xF7, 0xE0, 0xF7, 0xE0, 0xF7, 0xE0, 0xF7, 0xE0, 0xF7,
    0xE0, 0xF7, 0xE0, 0xF7, 0xE0, 0xF7, 0xE0, 0xF7, 0xE0, 0xF7, 0xE0, 0xF7, 0xE0, 0xF7, 0xE0, 0xEF,
    0x60, 0xA5, 0x40, 0x18, 0xC0, 0x26, 0x00, 0x9F, 0xF7, 0xE0, 0xF7, 0xE0, 0xF7, 0xE0, 0xF7, 0xE0,
    0xF7, 0xE0, 0xF7, 0xE0, 0xF7, 0xE0, 0xF7, 0xE0, 0xF7, 0xE0, 0xF7, 0xE0, 0xF7, 0xE0, 0xF7, 0xE0,
    0xF7, 0xE0, 0xE7, 0x40, 0x94, 0xA0, 0x00, 0x20, 0x24, 0x00, 0xAB, 0x10, 0xA0, 0x8C, 0x60, 0xDF,
    0x00, 0xF7, 0xE0, 0xF7, 0xE0, 0xF7, 0xE0, 0xF7, 0xE0, 0xF7, 0xE0, 0xF7, 0xE0, 0xF7, 0xE0, 0xF7,
    0xE0, 0xF7, 0xE0, 0xF7, 0xE0, 0xF7, 0xE0, 0xF7, 0xE0, 0xF7, 0xE0, 0xF7, 0xE0, 0xF7, 0xE0, 0xF7,
    0xE0, 0xE7, 0x60, 0xA5, 0x40, 0x10, 0xC0, 0x28, 0x00, 0x9B, 0xF7, 0xE0, 0xF7, 0xE0, 0xF7, 0xE0,
    0xF7, 0xE0, 0xF7, 0xE0, 0xF7, 0xE0, 0xF7, 0xE0, 0xF7, 0xE0, 0xF7, 0xE0, 0xF7, 0xE0, 0xF7, 0xE0,
    0xF7, 0xE0, 0xE7, 0x40, 0x8C, 0xA0, 0x26, 0x00, 0xAB, 0x10, 0xA0, 0x8C, 0x80, 0xDF, 0x00, 0xF7,
    0xE0, 0xF7, 0xE0, 0xF7, 0xE0, 0xF7, 0xE0, 0xF7, 0xE0, 0xF7, 0xE0, 0xF7, 0xE0, 0xF7, 0xE0, 0xF7,
    0xE0, 0xF7, 0xE0, 0xF7, 0xE0, 0xF7, 0xE0, 0xF7, 0xE0, 0xF7, 0xE0, 0xF7, 0xE0, 0xF7, 0xE0, 0xE7,
    0x60, 0xA5, 0x40, 0x10, 0xA0, 0x2A, 0x00, 0x99, 0xF7, 0xE0, 0xF7, 0xE0, 0xF7, 0xE0, 0xF7, 0xE0,
    0xF7, 0xE0, 0xF7, 0xE0, 0xF7, 0xE0, 0xF7, 0xE0, 0xF7, 0xE0, 0xF7, 0xE0, 0xF7, 0xE0, 0xE7, 0x40,
    0x8C, 0x80, 0x26, 0x00, 0xAB, 0x18, 0xC0, 0x8C, 0x80, 0xDF, 0x20, 0xF7, 0xE0, 0xF7, 0xE0, 0xF7,
    0xE0, 0xF7, 0xE0, 0xF7, 0xE0, 0xF7, 0xE0, 0xF7, 0xE0, 0xF7, 0xE0, 0xF7, 0xE0, 0xF7, 0xE0, 0xF7,
    0xE0, 0xF7, 0xE0, 0xF7, 0xE0, 0xF7, 0xE0, 0xF7, 0xE0, 0xF7, 0xE0, 0xE7, 0x60, 0xA5, 0x20, 0x10,
    0xA0, 0x2A, 0x00, 0x99, 0x94, 0xC0, 0xF7, 0xE0, 0xF7, 0xE0, 0xF7, 0xE0, 0xF7, 0xE0, 0xF7, 0xE0,
    0xF7, 0xE0, 0xF7, 0xE0, 0xF7, 0xE0, 0xF7, 0xE0, 0xF7, 0xE0, 0xE7, 0x40, 0x8C, 0x60, 0x26, 0x00,
    0xAB, 0x18, 0xC0, 0x94, 0xA0, 0xDF, 0x20, 0xF7, 0xE0, 0xF7, 0xE0, 0xF7, 0xE0, 0xF7, 0xE0, 0xF7,
    0xE0, 0xF7, 0xE0, 0xF7, 0xE0, 0xF7, 0xE0, 0xF7, 0xE0, 0xF7, 0xE0, 0xF7, 0xE0, 0xF7, 0xE0, 0xF7,
    0xE0, 0xF7, 0xE0, 0xF7, 0xE0, 0xF7, 0xE0, 0xE7, 0x60, 0x9D, 0x20, 0x10, 0x80, 0x2A, 0x00, 0x99,
    0x9C, 0xE0, 0xEF, 0x80, 0xF7, 0xE0, 0xF7, 0xE0, 0xF7, 0xE0, 0xF7, 0xE0, 0xF7, 0xE0, 0xF7, 0xE0,
    0xF7, 0xE0, 0xF7, 0xE0, 0xF7, 0xE0, 0xE7, 0x40, 0x8C, 0x60, 0x26, 0x00, 0xAB, 0x18, 0xE0, 0x8C,
    0x80, 0xDF, 0x20, 0xF7, 0xE0, 0xF7, 0xE0, 0xF7, 0xE0, 0xF7, 0xE0, 0xF7, 0xE0, 0xF7, 0xE0, 0xF7,
    0xE0, 0xF7, 0xE0, 0xF7, 0xE0, 0xF7, 0xE0, 0xF7, 0xE0, 0xF7, 0xE0, 0xF7, 0xE0, 0xF7, 0xE0, 0xF7,
    0xE0, 0xF7, 0xE0, 0xE7, 0x40, 0x9D, 0x00, 0x08, 0x80, 0x29, 0x00, 0x9A, 0x20, 0x9C, 0xE0, 0xEF,
    0x80, 0xF7, 0xE0, 0xF7, 0xE0, 0xF7, 0xE0, 0xF7, 0xE0, 0xF7, 0xE0, 0xF7, 0xE0, 0xF7, 0xE0, 0xF7,
    0xE0, 0xF7, 0xE0, 0xE7, 0x40, 0x84, 0x40, 0x26, 0x00, 0xAB, 0x18, 0xE0, 0x94, 0xC0, 0xDF, 0x20,
    0xF7, 0xE0, 0xF7, 0xE0, 0xF7, 0xE0, 0xF7, 0xE0, 0xF7, 0xE0, 0xF7, 0xE0, 0xF7, 0xE0, 0xF7, 0xE0,
    0xF7, 0xE0, 0xF7, 0xE0, 0xF7, 0xE0, 0xF7, 0xE0, 0xF7, 0xE0, 0xF7, 0xE0, 0xF7, 0xE0, 0xF7, 0xE0,
    0xE7, 0x60, 0x9C, 0xE0, 0x08, 0x60, 0x28, 0x00, 0x9B, 0x08, 0x40, 0x9D, 0x00, 0xEF, 0x80, 0xF7,
    0xE0, 0xF7, 0xE0, 0xF7, 0xE0, 0xF7, 0xE0, 0xF7, 0xE0, 0xF7, 0xE0, 0xF7, 0xE0, 0xF7, 0xE0, 0xF7,
    0xE0, 0xE7, 0x40, 0x84, 0x20, 0x26, 0x00, 0xAB, 0x21, 0x00, 0x94, 0xA0, 0xE7, 0x40, 0xF7, 0xE0,
    0xF7, 0xE0, 0xF7, 0xE0, 0xF7, 0xE0, 0xF7, 0xE0, 0xF7, 0xE0, 0xF7, 0xE0, 0xF7, 0xE0, 0xF7, 0xE0,
    0xF7, 0xE0, 0xF7, 0xE0, 0xF7, 0xE0, 0xF7, 0xE0, 0xF7, 0xE0, 0xF7, 0xE0, 0xF7, 0xE0, 0xE7, 0x40,
    0x9C, 0xE0, 0x08, 0x60, 0x28, 0x00, 0x9A, 0x08, 0x40, 0x9D, 0x00, 0xEF, 0x80, 0xF7, 0xE0, 0xF7,
    0xE0, 0xF7, 0xE0, 0xF7, 0xE0, 0xF7, 0xE0, 0xF7, 0xE0, 0xF7, 0xE0, 0xF7, 0xE0, 0xF7, 0xE0, 0xE7,
    0x40, 0x7C, 0x27, 0x00, 0xAB, 0x21, 0x00, 0x94, 0xC0, 0xE7, 0x40, 0xF7, 0xE0, 0xF7, 0xE0, 0xF7,
    0xE0, 0xF7, 0xE0, 0xF7, 0xE0, 0xF7, 0xE0, 0xF7, 0xE0, 0xF7, 0xE0, 0xF7, 0xE0, 0xF7, 0xE0, 0xF7,
    0xE0, 0xF7, 0xE0, 0xF7, 0xE0, 0xF7, 0xE0, 0xF7, 0xE0, 0xF7, 0xE0, 0xE7, 0x40, 0x94, 0xC0, 0x08,
    0x40, 0x28, 0x00, 0x9A, 0x08, 0x40, 0xA5, 0x20, 0xEF, 0x80, 0xF7, 0xE0, 0xF7, 0xE0, 0xF7, 0xE0,
    0xF7, 0xE0, 0xF7, 0xE0, 0xF7, 0xE0, 0xF7, 0xE0, 0xF7, 0xE0, 0xF7, 0xE0, 0xE7, 0x40, 0x7C, 0x27,
    0x00, 0xAB, 0x21, 0x20, 0x94, 0xC0, 0xE7, 0x40, 0xF7, 0xE0, 0xF7, 0xE0, 0xF7, 0xE0, 0xF7, 0xE0,
    0xF7, 0xE0, 0xF7, 0xE0, 0xF7, 0xE0, 0xF7, 0xE0, 0xF7, 0xE0, 0xF7, 0xE0, 0xF7, 0xE0, 0xF7, 0xE0,
    0xF7, 0xE0, 0xF7, 0xE0, 0xF7, 0xE0, 0xF7, 0xE0, 0xE7, 0x40, 0x94, 0xC0, 0x08, 0x40, 0x28, 0x00,
    0x9B, 0x08, 0x60, 0xA5, 0x40, 0xEF, 0x80, 0xF7, 0xE0, 0xF7, 0xE0, 0xF7, 0xE0, 0xF7, 0xE0, 0xF7,
    0xE0, 0xF7, 0xE0, 0xF7, 0xE0, 0xF7, 0xE0, 0xF7, 0xE0, 0xE7, 0x20, 0x7B, 0xE0, 0x26, 0x00, 0xAB,
    0x21, 0x20, 0x9C, 0xE0, 0xE7, 0x40, 0xF7, 0xE0, 0xF7, 0xE0, 0xF7, 0xE0, 0xF7, 0xE0, 0xF7, 0xE0,
    0xF7, 0xE0, 0xF7, 0xE0, 0xF7, 0xE0, 0xF7, 0xE0, 0xF7, 0xE0, 0xF7, 0xE0, 0xF7, 0xE0, 0xF7, 0xE0,
    0xF7, 0xE0, 0xF7, 0xE0, 0xF7, 0xE0, 0xE7, 0x40, 0x94, 0xA0, 0x00, 0x20, 0x28, 0x00, 0x9B, 0x08,
    0x60, 0xA5, 0x60, 0xEF, 0x80, 0xF7, 0xE0, 0xF7, 0xE0, 0xF7, 0xE0, 0xF7, 0xE0, 0xF7, 0xE0, 0xF7,
    0xE0, 0xF7, 0xE0, 0xF7, 0xE0, 0xF7, 0xE0, 0xE7, 0x20, 0x73, 0xC0, 0x26, 0x00, 0xAB, 0x29, 0x40,
    0x94, 0xC0, 0xE7, 0x60, 0xF7, 0xE0, 0xF7, 0xE0, 0xF7, 0xE0, 0xF7, 0xE0, 0xF7, 0xE0, 0xF7, 0xE0,
    0xF7, 0xE0, 0xF7, 0xE0, 0xF7, 0xE0, 0xF7, 0xE0, 0xF7, 0xE0, 0xF7, 0xE0, 0xF7, 0xE0, 0xF7, 0xE0,
    0xF7, 0xE0, 0xF7, 0xE0, 0xE7, 0x40, 0x8C, 0xA0, 0x00, 0x20, 0x28, 0x00, 0x9B, 0x10, 0x80, 0xAD,
    0x60, 0xEF, 0x80, 0xF7, 0xE0, 0xF7, 0xE0, 0xF7, 0xE0, 0xF7, 0xE0, 0xF7, 0xE0, 0xF7, 0xE0, 0xF7,
    0xE0, 0xF7, 0xE0, 0xF7, 0xE0, 0xDF, 0x20, 0x73, 0xC0, 0x26, 0x00, 0xA9, 0x29, 0x40, 0x9D, 0x00,
    0xE7, 0x60, 0xF7, 0xE0, 0xF7, 0xE0, 0xF7, 0xE0, 0xF7, 0xE0, 0xF7, 0xE0, 0xF7, 0xE0, 0xF7, 0xE0,
    0xF7, 0xE0, 0xF7, 0xE0, 0xF7, 0xE0, 0xF7, 0xE0, 0xF7, 0xE0, 0xF7, 0xE0, 0xF7, 0xE0, 0xF7, 0xE0,
    0xF7, 0xE0, 0xE7, 0x40, 0x8C, 0x80, 0x2A, 0x00, 0x9B, 0x10, 0xA0, 0xAD, 0x80, 0xEF, 0x80, 0xF7,
    0xE0, 0xF7, 0xE0, 0xF7, 0xE0, 0xF7, 0xE0, 0xF7, 0xE0, 0xF7, 0xE0, 0xF7, 0xE0, 0xF7, 0xE0, 0xF7,
    0xE0, 0xDF, 0x20, 0x6B, 0x80, 0x26, 0x00, 0xA9, 0x29, 0x60, 0x9C, 0xE0, 0xE7, 0x60, 0xF7, 0xE0,
    0xF7, 0xE0, 0xF7, 0xE0, 0xF7, 0xE0, 0xF7, 0xE0, 0xF7, 0xE0, 0xF7, 0xE0, 0xF7, 0xE0, 0xF7, 0xE0,
    0xF7, 0xE0, 0xF7, 0xE0, 0xF7, 0xE0, 0xF7, 0xE0, 0xF7, 0xE0, 0xF7, 0xE0, 0xF7, 0xE0, 0xE7, 0x20,
    0x8C, 0x60, 0x2A, 0x00, 0x9B, 0x10, 0xA0, 0xAD, 0x80, 0xEF, 0x80, 0xF7, 0xE0, 0xF7, 0xE0, 0xF7,
    0xE0, 0xF7, 0xE0, 0xF7, 0xE0, 0xF7, 0xE0, 0xF7, 0xE0, 0xF7, 0xE0, 0xF7, 0xE0, 0xDF, 0x20, 0x6B,
    0x80, 0x26, 0x00, 0xA9, 0x29, 0x60, 0x9D, 0x00, 0xEF, 0x60, 0xF7, 0xE0, 0xF7, 0xE0, 0xF7, 0xE0,
    0xF7, 0xE0, 0xF7, 0xE0, 0xF7, 0xE0, 0xF7, 0xE0, 0xF7, 0xE0, 0xF7, 0xE0, 0xF7, 0xE0, 0xF7, 0xE0,
    0xF7, 0xE0, 0xF7, 0xE0, 0xF7, 0xE0, 0xF7, 0xE0, 0xF7, 0xE0, 0xE7, 0x40, 0x84, 0x40, 0x2A, 0x00,
    0x9B, 0x10, 0xC0, 0xAD, 0xA0, 0xEF, 0xA0, 0xF7, 0xE0, 0xF7, 0xE0, 0xF7, 0xE0, 0xF7, 0xE0, 0xF7,
    0xE0, 0xF7, 0xE0, 0xF7, 0xE0, 0xF7, 0xE0, 0xF7, 0xE0, 0xF7, 0xE0, 0x6B, 0x60, 0x26, 0x00, 0xA9,
    0x29, 0x80, 0x9D, 0x00, 0xEF, 0x80, 0xF7, 0xE0, 0xF7, 0xE0, 0xF7, 0xE0, 0xF7, 0xE0, 0xF7, 0xE0,
    0xF7, 0xE0, 0xF7, 0xE0, 0xF7, 0xE0, 0xF7, 0xE0, 0xF7, 0xE0, 0xF7, 0xE0, 0xF7, 0xE0, 0xF7, 0xE0,
    0xF7, 0xE0, 0xF7, 0xE0, 0xF7, 0xE0, 0xE7, 0x20, 0x84, 0x40, 0x2A, 0x00, 0x9B, 0x18, 0xC0, 0xB5,
    0xA0, 0xEF, 0xA0, 0xF7, 0xE0, 0xF7, 0xE0, 0xF7, 0xE0, 0xF7, 0xE0, 0xF7, 0xE0, 0xF7, 0xE0, 0xF7,
    0xE0, 0xF7, 0xE0, 0xF7, 0xE0, 0xF7, 0xE0, 0xF7, 0xE0, 0x26, 0x00, 0xA9, 0x31, 0xA0, 0x9D, 0x00,
    0xEF, 0x80, 0xF7, 0xE0, 0xF7, 0xE0, 0xF7, 0xE0, 0xF7, 0xE0, 0xF7, 0xE0, 0xF7, 0xE0, 0xF7, 0xE0,
    0xF7, 0xE0, 0xF7, 0xE0, 0xF7, 0xE0, 0xF7, 0xE0, 0xF7, 0xE0, 0xF7, 0xE0, 0xF7, 0xE0, 0xF7, 0xE0,
    0xF7, 0xE0, 0xE7, 0x20, 0x84, 0x20, 0x2A, 0x00, 0x9D, 0x18, 0xE0, 0xB5, 0xC0, 0xEF, 0xA0, 0xF7,
    0xE0, 0xF7, 0xE0, 0xF7, 0xE0, 0xF7, 0xE0, 0xF7, 0xE0, 0xF7, 0xE0, 0xF7, 0xE0, 0xF7, 0xE0, 0xF7,
    0xE0, 0xF7, 0xE0, 0xF7, 0xE0, 0xF7, 0xE0, 0x24, 0x00, 0xA8, 0x31, 0xA0, 0x9D, 0x20, 0xEF, 0x80,
    0xF7, 0xE0, 0xF7, 0xE0, 0xF7, 0xE0, 0xF7, 0xE0, 0xF7, 0xE0, 0xF7, 0xE0, 0xF7, 0xE0, 0xF7, 0xE0,
    0xF7, 0xE0, 0xF7, 0xE0, 0xF7, 0xE0, 0xF7, 0xE0, 0xF7, 0xE0, 0xF7, 0xE0, 0xF7, 0xE0, 0xF7, 0xE0,
    0xE7, 0x20, 0x7C, 0x2B, 0x00, 0x9F, 0x19, 0x00, 0xB5, 0xC0, 0xEF, 0xA0, 0xF7, 0xE0, 0xF7, 0xE0,
    0xF7, 0xE0, 0xF7, 0xE0, 0xF7, 0xE0, 0xF7, 0xE0, 0xF7, 0xE0, 0xF7, 0xE0, 0xF7, 0xE0, 0xF7, 0xE0,
    0xF7, 0xE0, 0xF7, 0xE0, 0xF7, 0xE0, 0x22, 0x00, 0xA8, 0x31, 0xC0, 0x9D, 0x00, 0xEF, 0x80, 0xF7,
    0xE0, 0xF7, 0xE0, 0xF7, 0xE0, 0xF7, 0xE0, 0xF7, 0xE0, 0xF7, 0xE0, 0xF7, 0xE0, 0xF7, 0xE0, 0xF7,
    0xE0, 0xF7, 0xE0, 0xF7, 0xE0, 0xF7, 0xE0, 0xF7, 0xE0, 0xF7, 0xE0, 0xF7, 0xE0, 0xF7, 0xE0, 0xDF,
    0x20, 0x7C, 0x2B, 0x00, 0xA1, 0x21, 0x00, 0xB5, 0xE0, 0xEF, 0xA0, 0xF7, 0xE0, 0xF7, 0xE0, 0xF7,
    0xE0, 0xF7, 0xE0, 0xF7, 0xE0, 0xF7, 0xE0, 0xF7, 0xE0, 0xF7, 0xE0, 0xF7, 0xE0, 0xF7, 0xE0, 0xF7,
    0xE0, 0xF7, 0xE0, 0xF7, 0xE0, 0xF7, 0xE0, 0x20, 0x00, 0xA9, 0x31, 0xA0, 0xA5, 0x20, 0xEF, 0xA0,
    0xF7, 0xE0, 0xF7, 0xE0, 0xF7, 0xE0, 0xF7, 0xE0, 0xF7, 0xE0, 0xF7, 0xE0, 0xF7, 0xE0, 0xF7, 0xE0,
    0xF7, 0xE0, 0xF7, 0xE0, 0xF7, 0xE0, 0xF7, 0xE0, 0xF7, 0xE0, 0xF7, 0xE0, 0xF7, 0xE0, 0xF7, 0xE0,
    0xDF, 0x20, 0x7B, 0xE0, 0x2A, 0x00, 0xA3, 0x21, 0x20, 0xB5, 0xE0, 0xEF, 0xA0, 0xF7, 0xE0, 0xF7,
    0xE0, 0xF7, 0xE0, 0xF7, 0xE0, 0xF7, 0xE0, 0xF7, 0xE0, 0xF7, 0xE0, 0xF7, 0xE0, 0xF7, 0xE0, 0xF7,
    0xE0, 0xF7, 0xE0, 0xF7, 0xE0, 0xF7, 0xE0, 0xF7, 0xE0, 0xF7, 0xE0, 0x1E, 0x00, 0xA9, 0x39, 0xE0,
    0xA5, 0x20, 0xEF, 0xA0, 0xF7, 0xE0, 0xF7, 0xE0, 0xF7, 0xE0, 0xF7, 0xE0, 0xF7, 0xE0, 0xF7, 0xE0,
    0xF7, 0xE0, 0xF7, 0xE0, 0xF7, 0xE0, 0xF7, 0xE0, 0xF7, 0xE0, 0xF7, 0xE0, 0xF7, 0xE0, 0xF7, 0xE0,
    0xF7, 0xE0, 0xF7, 0xE0, 0xDF, 0x20, 0x73, 0xC0, 0x2A, 0x00, 0xA5, 0x21, 0x40, 0xBD, 0xE0, 0xEF,
    0xA0, 0xF7, 0xE0, 0xF7, 0xE0, 0xF7, 0xE0, 0xF7, 0xE0, 0xF7, 0xE0, 0xF7, 0xE0, 0xF7, 0xE0, 0xF7,
    0xE0, 0xF7, 0xE0, 0xF7, 0xE0, 0xF7, 0xE0, 0xF7, 0xE0, 0xF7, 0xE0, 0xF7, 0xE0, 0xF7, 0xE0, 0xF7,
    0xE0, 0x1C, 0x00, 0xA9, 0x39, 0xC0, 0xA5, 0x40, 0xEF, 0xA0, 0xF7, 0xE0, 0xF7, 0xE0, 0xF7, 0xE0,
    0xF7, 0xE0, 0xF7, 0xE0, 0xF7, 0xE0, 0xF7, 0xE0, 0xF7, 0xE0, 0xF7, 0xE0, 0xF7, 0xE0, 0xF7, 0xE0,
    0xF7, 0xE0, 0xF7, 0xE0, 0xF7, 0xE0, 0xF7, 0xE0, 0xF7, 0xE0, 0xDF, 0x20, 0x73, 0xA0, 0x2A, 0x00,
    0xA7, 0x29, 0x40, 0xBE, 0x00, 0xEF, 0xA0, 0xF7, 0xE0, 0xF7, 0xE0, 0xF7, 0xE0, 0xF7, 0xE0, 0xF7,
    0xE0, 0xF7, 0xE0, 0xF7, 0xE0, 0xF7, 0xE0, 0xF7, 0xE0, 0xF7, 0xE0, 0xF7, 0xE0, 0xF7, 0xE0, 0xF7,
    0xE0, 0xF7, 0xE0, 0xF7, 0xE0, 0xF7, 0xE0, 0xCE, 0x80, 0x1A, 0x00, 0xA9, 0x3A, 0x00, 0xA5, 0x20,
    0xEF, 0xA0, 0xF7, 0xE0, 0xF7, 0xE0, 0xF7, 0xE0, 0xF7, 0xE0, 0xF7, 0xE0, 0xF7, 0xE0, 0xF7, 0xE0,
    0xF7, 0xE0, 0xF7, 0xE0, 0xF7, 0xE0, 0xF7, 0xE0, 0xF7, 0xE0, 0xF7, 0xE0, 0xF7, 0xE0, 0xF7, 0xE0,
    0xF7, 0xE0, 0xDF, 0x00, 0x73, 0xA0, 0x2A, 0x00, 0xA9, 0x29, 0x60, 0xBE, 0x00, 0xEF, 0xA0, 0xF7,
    0xE0, 0xF7, 0xE0, 0xF7, 0xE0, 0xF7, 0xE0, 0xF7, 0xE0, 0xF7, 0xE0, 0xF7, 0xE0, 0xF7, 0xE0, 0xF7,
    0xE0, 0xF7, 0xE0, 0xF7, 0xE0, 0xF7, 0xE0, 0xF7, 0xE0, 0xF7, 0xE0, 0xF7, 0xE0, 0xF7, 0xE0, 0xCE,
    0x80, 0x6B, 0x80, 0x18, 0x00, 0xA9, 0x39, 0xE0, 0xAD, 0x60, 0xEF, 0xA0, 0xF7, 0xE0, 0xF7, 0xE0,
    0xF7, 0xE0, 0xF7, 0xE0, 0xF7, 0xE0, 0xF7, 0xE0, 0xF7, 0xE0, 0xF7, 0xE0, 0xF7, 0xE0, 0xF7, 0xE0,
    0xF7, 0xE0, 0xF7, 0xE0, 0xF7, 0xE0, 0xF7, 0xE0, 0xF7, 0xE0, 0xF7, 0xE0, 0xDF, 0x00, 0x6B, 0x80,
    0x2A, 0x00, 0xAB, 0x29, 0x80, 0xBE, 0x00, 0xEF, 0xA0, 0xF7, 0xE0, 0xF7, 0xE0, 0xF7, 0xE0, 0xF7,
    0xE0, 0xF7, 0xE0, 0xF7, 0xE0, 0xF7, 0xE0, 0xF7, 0xE0, 0xF7, 0xE0, 0xF7, 0xE0, 0xF7, 0xE0, 0xF7,
    0xE0, 0xF7, 0xE0, 0xF7, 0xE0, 0xF7, 0xE0, 0xF7, 0xE0, 0xCE, 0x80, 0x6B, 0x80, 0x00, 0x20, 0x16,
    0x00, 0xA9, 0x42, 0x20, 0xA5, 0x40, 0xF7, 0xC0, 0xF7, 0xE0, 0xF7, 0xE0, 0xF7, 0xE0, 0xF7, 0xE0,
    0xF7, 0xE0, 0xF7, 0xE0, 0xF7, 0xE0, 0xF7, 0xE0, 0xF7, 0xE0, 0xF7, 0xE0, 0xF7, 0xE0, 0xF7, 0xE0,
    0xF7, 0xE0, 0xF7, 0xE0, 0xF7, 0xE0, 0xF7, 0xE0, 0xDF, 0x00, 0x6B, 0x60, 0x2A, 0x00, 0xAB, 0x31,
    0x80, 0xBE, 0x20, 0xEF, 0xA0, 0xF7, 0xE0, 0xF7, 0xE0, 0xF7, 0xE0, 0xF7, 0xE0, 0xF7, 0xE0, 0xF7,
    0xE0, 0xF7, 0xE0, 0xF7, 0xE0, 0xF7, 0xE0, 0xF7, 0xE0, 0xF7, 0xE0, 0xF7, 0xE0, 0xF7, 0xE0, 0xF7,
    0xE0, 0xF7, 0xE0, 0xF7, 0xE0, 0xCE, 0x60, 0x6B, 0x80, 0x00, 0x20, 0x16, 0x00, 0xA9, 0x3A, 0x00,
    0xAD, 0x60, 0xF7, 0xC0, 0xF7, 0xE0, 0xF7, 0xE0, 0xF7, 0xE0, 0xF7, 0xE0, 0xF7, 0xE0, 0xF7, 0xE0,
    0xF7, 0xE0, 0xF7, 0xE0, 0xF7, 0xE0, 0xF7, 0xE0, 0xF7, 0xE0, 0xF7, 0xE0, 0xF7, 0xE0, 0xF7, 0xE0,
    0xF7, 0xE0, 0xF7, 0xE0, 0xDF, 0x00, 0x6B, 0x60, 0x2A, 0x00, 0xAB, 0x31, 0xA0, 0xC6, 0x20, 0xEF,
    0xA0, 0xF7, 0xE0, 0xF7, 0xE0, 0xF7, 0xE0, 0xF7, 0xE0, 0xF7, 0xE0, 0xF7, 0xE0, 0xF7, 0xE0, 0xF7,
    0xE0, 0xF7, 0xE0, 0xF7, 0xE0, 0xF7, 0xE0, 0xF7, 0xE0, 0xF7, 0xE0, 0xF7, 0xE0, 0xF7, 0xE0, 0xF7,
    0xE0, 0xCE, 0x60, 0x6B, 0x60, 0x00, 0x20, 0x16, 0x00, 0xA9, 0x42, 0x20, 0xA5, 0x40, 0xF7, 0xC0,
    0xF7, 0xE0, 0xF7, 0xE0, 0xF7, 0xE0, 0xF7, 0xE0, 0xF7, 0xE0, 0xF7, 0xE0, 0xF7, 0xE0, 0xF7, 0xE0,
    0xF7, 0xE0, 0xF7, 0xE0, 0xF7, 0xE0, 0xF7, 0xE0, 0xF7, 0xE0, 0xF7, 0xE0, 0xF7, 0xE0, 0xF7, 0xE0,
    0xDF, 0x00, 0x63, 0x40, 0x2A, 0x00, 0xA9, 0x31, 0xA0, 0xC6, 0x20, 0xEF, 0xA0, 0xF7, 0xE0, 0xF7,
    0xE0, 0xF7, 0xE0, 0xF7, 0xE0, 0xF7, 0xE0, 0xF7, 0xE0, 0xF7, 0xE0, 0xF7, 0xE0, 0xF7, 0xE0, 0xF7,
    0xE0, 0xF7, 0xE0, 0xF7, 0xE0, 0xF7, 0xE0, 0xF7, 0xE0, 0xF7, 0xE0, 0xF7, 0xE0, 0xC6, 0x40, 0x6B,
    0x60, 0x18, 0x00, 0xA9, 0x42, 0x20, 0xAD, 0x80, 0xF7, 0xC0, 0xF7, 0xE0, 0xF7, 0xE0, 0xF7, 0xE0,
    0xF7, 0xE0, 0xF7, 0xE0, 0xF7, 0xE0, 0xF7, 0xE0, 0xF7, 0xE0, 0xF7, 0xE0, 0xF7, 0xE0, 0xF7, 0xE0,
    0xF7, 0xE0, 0xF7, 0xE0, 0xF7, 0xE0, 0xF7, 0xE0, 0xF7, 0xE0, 0xDE, 0xE0, 0x63, 0x20, 0x2A, 0x00,
    0xA9, 0x39, 0xE0, 0xC6, 0x20, 0xEF, 0xA0, 0xF7, 0xE0, 0xF7, 0xE0, 0xF7, 0xE0, 0xF7, 0xE0, 0xF7,
    0xE0, 0xF7, 0xE0, 0xF7, 0xE0, 0xF7, 0xE0, 0xF7, 0xE0, 0xF7, 0xE0, 0xF7, 0xE0, 0xF7, 0xE0, 0xF7,
    0xE0, 0xF7, 0xE0, 0xF7, 0xE0, 0xF7, 0xE0, 0xC6, 0x60, 0x63, 0x40, 0x18, 0x00, 0xA8, 0x4A, 0x40,
    0xAD, 0x60, 0xF7, 0xE0, 0xF7, 0xE0, 0xF7, 0xE0, 0xF7, 0xE0, 0xF7, 0xE0, 0xF7, 0xE0, 0xF7, 0xE0,
    0xF7, 0xE0, 0xF7, 0xE0, 0xF7, 0xE0, 0xF7, 0xE0, 0xF7, 0xE0, 0xF7, 0xE0, 0xF7, 0xE0, 0xF7, 0xE0,
    0xF7, 0xE0, 0xF7, 0xE0, 0xDF, 0x00, 0x5B, 0x2B, 0x00, 0xA9, 0x39, 0xE0, 0xC6, 0x40, 0xF7, 0xC0,
    0xF7, 0xE0, 0xF7, 0xE0, 0xF7, 0xE0, 0xF7, 0xE0, 0xF7, 0xE0, 0xF7, 0xE0, 0xF7, 0xE0, 0xF7, 0xE0,
    0xF7, 0xE0, 0xF7, 0xE0, 0xF7, 0xE0, 0xF7, 0xE0, 0xF7, 0xE0, 0xF7, 0xE0, 0xF7, 0xE0, 0xF7, 0xE0,
    0xC6, 0x40, 0x6B, 0x60, 0x18, 0x00, 0xA8, 0x4A, 0x40, 0xAD, 0x80, 0xF7, 0xE0, 0xF7, 0xE0, 0xF7,
    0xE0, 0xF7, 0xE0, 0xF7, 0xE0, 0xF7, 0xE0, 0xF7, 0xE0, 0xF7, 0xE0, 0xF7, 0xE0, 0xF7, 0xE0, 0xF7,
    0xE0, 0xF7, 0xE0, 0xF7, 0xE0, 0xF7, 0xE0, 0xF7, 0xE0, 0xF7, 0xE0, 0xF7, 0xE0, 0xD6, 0xE0, 0x5B,
    0x2B, 0x00, 0xA9, 0x3A, 0x00, 0xC6, 0x60, 0xF7, 0xC0, 0xF7, 0xE0, 0xF7, 0xE0, 0xF7, 0xE0, 0xF7,
    0xE0, 0xF7, 0xE0, 0xF7, 0xE0, 0xF7, 0xE0, 0xF7, 0xE0, 0xF7, 0xE0, 0xF7, 0xE0, 0xF7, 0xE0, 0xF7,
    0xE0, 0xF7, 0xE0, 0xF7, 0xE0, 0xF7, 0xE0, 0xF7, 0xE0, 0xC6, 0x60, 0x63, 0x20, 0x18, 0x00, 0xA9,
    0x4A, 0x60, 0xAD, 0x80, 0xF7, 0xE0, 0xF7, 0xE0, 0xF7, 0xE0, 0xF7, 0xE0, 0xF7, 0xE0, 0xF7, 0xE0,
    0xF7, 0xE0, 0xF7, 0xE0, 0xF7, 0xE0, 0xF7, 0xE0, 0xF7, 0xE0, 0xF7, 0xE0, 0xF7, 0xE0, 0xF7, 0xE0,
    0xF7, 0xE0, 0xF7, 0xE0, 0xF7, 0xE0, 0xD6, 0xE0, 0x5A, 0xE0, 0x2A, 0x00, 0xA9, 0x42, 0x20, 0xC6,
    0x40, 0xF7, 0xC0, 0xF7, 0xE0, 0xF7, 0xE0, 0xF7, 0xE0, 0xF7, 0xE0, 0xF7, 0xE0, 0xF7, 0xE0, 0xF7,
    0xE0, 0xF7, 0xE0, 0xF7, 0xE0, 0xF7, 0xE0, 0xF7, 0xE0, 0xF7, 0xE0, 0xF7, 0xE0, 0xF7, 0xE0, 0xF7,
    0xE0, 0xF7, 0xE0, 0xBE, 0x20, 0x63, 0x40, 0x18, 0x00, 0xA9, 0x4A, 0x60, 0xAD, 0xA0, 0xF7, 0xE0,
    0xF7, 0xE0, 0xF7, 0xE0, 0xF7, 0xE0, 0xF7, 0xE0, 0xF7, 0xE0, 0xF7, 0xE0, 0xF7, 0xE0, 0xF7, 0xE0,
    0xF7, 0xE0, 0xF7, 0xE0, 0xF7, 0xE0, 0xF7, 0xE0, 0xF7, 0xE0, 0xF7, 0xE0, 0xF7, 0xE0, 0xF7, 0xC0,
    0xD6, 0xE0, 0x52, 0xC0, 0x2A, 0x00, 0xA8, 0x42, 0x20, 0xCE, 0x60, 0xF7, 0xC0, 0xF7, 0xE0, 0xF7,
    0xE0, 0xF7, 0xE0, 0xF7, 0xE0, 0xF7, 0xE0, 0xF7, 0xE0, 0xF7, 0xE0, 0xF7, 0xE0, 0xF7, 0xE0, 0xF7,
    0xE0, 0xF7, 0xE0, 0xF7, 0xE0, 0xF7, 0xE0, 0xF7, 0xE0, 0xF7, 0xE0, 0xF7, 0xE0, 0xC6, 0x40, 0x5B,
    0x19, 0x00, 0xA9, 0x4A, 0x80, 0xB5, 0xA0, 0xF7, 0xE0, 0xF7, 0xE0, 0xF7, 0xE0, 0xF7, 0xE0, 0xF7,
    0xE0, 0xF7, 0xE0, 0xF7, 0xE0, 0xF7, 0xE0, 0xF7, 0xE0, 0xF7, 0xE0, 0xF7, 0xE0, 0xF7, 0xE0, 0xF7,
    0xE0, 0xF7, 0xE0, 0xF7, 0xE0, 0xF7, 0xE0, 0xF7, 0xE0, 0xD6, 0xE0, 0x52, 0xA0, 0x2A, 0x00, 0xA9,
    0x4A, 0x40, 0xCE, 0x60, 0xF7, 0xC0, 0xF7, 0xE0, 0xF7, 0xE0, 0xF7, 0xE0, 0xF7, 0xE0, 0xF7, 0xE0,
    0xF7, 0xE0, 0xF7, 0xE0, 0xF7, 0xE0, 0xF7, 0xE0, 0xF7, 0xE0, 0xF7, 0xE0, 0xF7, 0xE0, 0xF7, 0xE0,
    0xF7, 0xE0, 0xF7, 0xE0, 0xF7, 0xE0, 0xBE, 0x00, 0x63, 0x20, 0x18, 0x00, 0xA9, 0x52, 0x80, 0xB5,
    0xA0, 0xF7, 0xE0, 0xF7, 0xE0, 0xF7, 0xE0, 0xF7, 0xE0, 0xF7, 0xE0, 0xF7, 0xE0, 0xF7, 0xE0, 0xF7,
    0xE0, 0xF7, 0xE0, 0xF7, 0xE0, 0xF7, 0xE0, 0xF7, 0xE0, 0xF7, 0xE0, 0xF7, 0xE0, 0xF7, 0xE0, 0xF7,
    0xE0, 0xF7, 0xC0, 0xD6, 0xC0, 0x52, 0x80, 0x2A, 0x00, 0xA9, 0x4A, 0x40, 0xCE, 0x80, 0xF7, 0xC0,
    0xF7, 0xE0, 0xF7, 0xE0, 0xF7, 0xE0, 0xF7, 0xE0, 0xF7, 0xE0, 0xF7, 0xE0, 0xF7, 0xE0, 0xF7, 0xE0,
    0xF7, 0xE0, 0xF7, 0xE0, 0xF7, 0xE0, 0xF7, 0xE0, 0xF7, 0xE0, 0xF7, 0xE0, 0xF7, 0xE0, 0xF7, 0xE0,
    0xC6, 0x20, 0x5A, 0xE0, 0x18, 0x00, 0xA9, 0x52, 0x80, 0xB5, 0xC0, 0xF7, 0xE0, 0xF7, 0xE0, 0xF7,
    0xE0, 0xF7, 0xE0, 0xF7, 0xE0, 0xF7, 0xE0, 0xF7, 0xE0, 0xF7, 0xE0, 0xF7, 0xE0, 0xF7, 0xE0, 0xF7,
    0xE0, 0xF7, 0xE0, 0xF7, 0xE0, 0xF7, 0xE0, 0xF7, 0xE0, 0xF7, 0xE0, 0xF7, 0xE0, 0xD6, 0xC0, 0x4A,
    0x80, 0x2A, 0x00, 0xA8, 0x4A, 0x80, 0xCE, 0x60, 0xF7, 0xC0, 0xF7, 0xE0, 0xF7, 0xE0, 0xF7, 0xE0,
    0xF7, 0xE0, 0xF7, 0xE0, 0xF7, 0xE0, 0xF7, 0xE0, 0xF7, 0xE0, 0xF7, 0xE0, 0xF7, 0xE0, 0xF7, 0xE0,
    0xF7, 0xE0, 0xF7, 0xE0, 0xF7, 0xE0, 0xF7, 0xE0, 0xF7, 0xE0, 0xBE, 0x00, 0x5B, 0x19, 0x00, 0xA9,
    0x52, 0xA0, 0xB5, 0xC0, 0xF7, 0xE0, 0xF7, 0xE0, 0xF7, 0xE0, 0xF7, 0xE0, 0xF7, 0xE0, 0xF7, 0xE0,
    0xF7, 0xE0, 0xF7, 0xE0, 0xF7, 0xE0, 0xF7, 0xE0, 0xF7, 0xE0, 0xF7, 0xE0, 0xF7, 0xE0, 0xF7, 0xE0,
    0xF7, 0xE0, 0xF7, 0xE0, 0xF7, 0xC0, 0xD6, 0xC0, 0x4A, 0x60, 0x2A, 0x00, 0xA9, 0x4A, 0x80, 0xCE,
    0x80, 0xF7, 0xC0, 0xF7, 0xE0, 0xF7, 0xE0, 0xF7, 0xE0, 0xF7, 0xE0, 0xF7, 0xE0, 0xF7, 0xE0, 0xF7,
    0xE0, 0xF7, 0xE0, 0xF7, 0xE0, 0xF7, 0xE0, 0xF7, 0xE0, 0xF7, 0xE0, 0xF7, 0xE0, 0xF7, 0xE0, 0xF7,
    0xE0, 0xF7, 0xE0, 0xBE, 0x20, 0x52, 0xC0, 0x1A, 0x00, 0xA7, 0xB5, 0xC0, 0xF7, 0xE0, 0xF7, 0xE0,
    0xF7, 0xE0, 0xF7, 0xE0, 0xF7, 0xE0, 0xF7, 0xE0, 0xF7, 0xE0, 0xF7, 0xE0, 0xF7, 0xE0, 0xF7, 0xE0,
    0xF7, 0xE0, 0xF7, 0xE0, 0xF7, 0xE0, 0xF7, 0xE0, 0xF7, 0xE0, 0xF7, 0xE0, 0xF7, 0xC0, 0xD6, 0xC0,
    0x4A, 0x40, 0x2A, 0x00, 0xA9, 0x52, 0xA0, 0xCE, 0x80, 0xF7, 0xC0, 0xF7, 0xE0, 0xF7, 0xE0, 0xF7,
    0xE0, 0xF7, 0xE0, 0xF7, 0xE0, 0xF7, 0xE0, 0xF7, 0xE0, 0xF7, 0xE0, 0xF7, 0xE0, 0xF7, 0xE0, 0xF7,
    0xE0, 0xF7, 0xE0, 0xF7, 0xE0, 0xF7, 0xE0, 0xF7, 0xE0, 0xF7, 0xE0, 0xBE, 0x00, 0x5A, 0xC0, 0x1C,
    0x00, 0xA5, 0xF7, 0xE0, 0xF7, 0xE0, 0xF7, 0xE0, 0xF7, 0xE0, 0xF7, 0xE0, 0xF7, 0xE0, 0xF7, 0xE0,
    0xF7, 0xE0, 0xF7, 0xE0, 0xF7, 0xE0, 0xF7, 0xE0, 0xF7, 0xE0, 0xF7, 0xE0, 0xF7, 0xE0, 0xF7, 0xE0,
    0xF7, 0xE0, 0xF7, 0xC0, 0xD6, 0xA0, 0x42, 0x20, 0x2A, 0x00, 0xA9, 0x52, 0xA0, 0xCE, 0xA0, 0xF7,
    0xE0, 0xF7, 0xE0, 0xF7, 0xE0, 0xF7, 0xE0, 0xF7, 0xE0, 0xF7, 0xE0, 0xF7, 0xE0, 0xF7, 0xE0, 0xF7,
    0xE0, 0xF7, 0xE0, 0xF7, 0xE0, 0xF7, 0xE0, 0xF7, 0xE0, 0xF7, 0xE0, 0xF7, 0xE0, 0xF7, 0xE0, 0xF7,
    0xE0, 0xBE, 0x00, 0x52, 0xA0, 0x1E, 0x00, 0xA2, 0xF7, 0xE0, 0xF7, 0xE0, 0xF7, 0xE0, 0xF7, 0xE0,
    0xF7, 0xE0, 0xF7, 0xE0, 0xF7, 0xE0, 0xF7, 0xE0, 0xF7, 0xE0, 0xF7, 0xE0, 0xF7, 0xE0, 0xF7, 0xE0,
    0xF7, 0xE0, 0xF7, 0xE0, 0xF7, 0xE0, 0xF7, 0xC0, 0xCE, 0xA0, 0x42, 0x2B, 0x00, 0xA9, 0x5A, 0xC0,
    0xCE, 0x80, 0xF7, 0xC0, 0xF7, 0xE0, 0xF7, 0xE0, 0xF7, 0xE0, 0xF7, 0xE0, 0xF7, 0xE0, 0xF7, 0xE0,
    0xF7, 0xE0, 0xF7, 0xE0, 0xF7, 0xE0, 0xF7, 0xE0, 0xF7, 0xE0, 0xF7, 0xE0, 0xF7, 0xE0, 0xF7, 0xE0,
    0xF7, 0xE0, 0xF7, 0xE0, 0xBD, 0xE0, 0x52, 0xA0, 0x20, 0x00, 0xA0, 0xF7, 0xE0, 0xF7, 0xE0, 0xF7,
    0xE0, 0xF7, 0xE0, 0xF7, 0xE0, 0xF7, 0xE0, 0xF7, 0xE0, 0xF7, 0xE0, 0xF7, 0xE0, 0xF7, 0xE0, 0xF7,
    0xE0, 0xF7, 0xE0, 0xF7, 0xE0, 0xF7, 0xE0, 0xF7, 0xC0, 0xCE, 0xA0, 0x3A, 0x2B, 0x00, 0xA9, 0x5A,
    0xE0, 0xCE, 0xA0, 0xF7, 0xE0, 0xF7, 0xE0, 0xF7, 0xE0, 0xF7, 0xE0, 0xF7, 0xE0, 0xF7, 0xE0, 0xF7,
    0xE0, 0xF7, 0xE0, 0xF7, 0xE0, 0xF7, 0xE0, 0xF7, 0xE0, 0xF7, 0xE0, 0xF7, 0xE0, 0xF7, 0xE0, 0xF7,
    0xE0, 0xF7, 0xE0, 0xF7, 0xE0, 0xB5, 0xE0, 0x4A, 0x80, 0x22, 0x00, 0x9F, 0xF7, 0xE0, 0xF7, 0xE0,
    0xF7, 0xE0, 0xF7, 0xE0, 0xF7, 0xE0, 0xF7, 0xE0, 0xF7, 0xE0, 0xF7, 0xE0, 0xF7, 0xE0, 0xF7, 0xE0,
    0xF7, 0xE0, 0xF7, 0xE0, 0xF7, 0xE0, 0xF7, 0xC0, 0xCE, 0x80, 0x39, 0xE0, 0x2A, 0x00, 0xA9, 0x5B,
    0x00, 0xCE, 0xA0, 0xF7, 0xE0, 0xF7, 0xE0, 0xF7, 0xE0, 0xF7, 0xE0, 0xF7, 0xE0, 0xF7, 0xE0, 0xF7,
    0xE0, 0xF7, 0xE0, 0xF7, 0xE0, 0xF7, 0xE0, 0xF7, 0xE0, 0xF7, 0xE0, 0xF7, 0xE0, 0xF7, 0xE0, 0xF7,
    0xE0, 0xF7, 0xE0, 0xF7, 0xE0, 0xBD, 0xE0, 0x4A, 0x80, 0x24, 0x00, 0x9D, 0xF7, 0xE0, 0xF7, 0xE0,
    0xF7, 0xE0, 0xF7, 0xE0, 0xF7, 0xE0, 0xF7, 0xE0, 0xF7, 0xE0, 0xF7, 0xE0, 0xF7, 0xE0, 0xF7, 0xE0,
    0xF7, 0xE0, 0xF7, 0xE0, 0xF7, 0xC0, 0xCE, 0x80, 0x31, 0xC0, 0x2A, 0x00, 0xA9, 0x63, 0x20, 0xCE,
    0xA0, 0xF7, 0xE0, 0xF7, 0xE0, 0xF7, 0xE0, 0xF7, 0xE0, 0xF7, 0xE0, 0xF7, 0xE0, 0xF7, 0xE0, 0xF7,
    0xE0, 0xF7, 0xE0, 0xF7, 0xE0, 0xF7, 0xE0, 0xF7, 0xE0, 0xF7, 0xE0, 0xF7, 0xE0, 0xF7, 0xE0, 0xF7,
    0xE0, 0xF7, 0xC0, 0xB5, 0xC0, 0x4A, 0x80, 0x24, 0x00, 0x9D, 0x8C, 0x60, 0xF7, 0xE0, 0xF7, 0xE0,
    0xF7, 0xE0, 0xF7, 0xE0, 0xF7, 0xE0, 0xF7, 0xE0, 0xF7, 0xE0, 0xF7, 0xE0, 0xF7, 0xE0, 0xF7, 0xE0,
    0xF7, 0xE0, 0xF7, 0xC0, 0xCE, 0x80, 0x31, 0xA0, 0x2A, 0x00, 0xA9, 0x63, 0x20, 0xCE, 0xA0, 0xF7,
    0xE0, 0xF7, 0xE0, 0xF7, 0xE0, 0xF7, 0xE0, 0xF7, 0xE0, 0xF7, 0xE0, 0xF7, 0xE0, 0xF7, 0xE0, 0xF7,
    0xE0, 0xF7, 0xE0, 0xF7, 0xE0, 0xF7, 0xE0, 0xF7, 0xE0, 0xF7, 0xE0, 0xF7, 0xE0, 0xF7, 0xE0, 0xF7,
    0xC0, 0xB5, 0xE0, 0x4A, 0x60, 0x24, 0x00, 0x9D, 0x8C, 0x80, 0xE7, 0x40, 0xF7, 0xE0, 0xF7, 0xE0,
    0xF7, 0xE0, 0xF7, 0xE0, 0xF7, 0xE0, 0xF7, 0xE0, 0xF7, 0xE0, 0xF7, 0xE0, 0xF7, 0xE0, 0xF7, 0xE0,
    0xF7, 0xC0, 0xCE, 0x60, 0x31, 0xA0, 0x2A, 0x00, 0xA9, 0x63, 0x40, 0xD6, 0xA0, 0xF7, 0xE0, 0xF7,
    0xE0, 0xF7, 0xE0, 0xF7, 0xE0, 0xF7, 0xE0, 0xF7, 0xE0, 0xF7, 0xE0, 0xF7, 0xE0, 0xF7, 0xE0, 0xF7,
    0xE0, 0xF7, 0xE0, 0xF7, 0xE0, 0xF7, 0xE0, 0xF7, 0xE0, 0xF7, 0xE0, 0xF7, 0xE0, 0xF7, 0xC0, 0xB5,
    0xA0, 0x4A, 0x40, 0x23, 0x00, 0x9E, 0x20, 0x94, 0xA0, 0xE7, 0x40, 0xF7, 0xE0, 0xF7, 0xE0, 0xF7,
    0xE0, 0xF7, 0xE0, 0xF7, 0xE0, 0xF7, 0xE0, 0xF7, 0xE0, 0xF7, 0xE0, 0xF7, 0xE0, 0xF7, 0xE0, 0xF7,
    0xC0, 0xCE, 0x60, 0x29, 0x80, 0x2A, 0x00, 0xA9, 0x6B, 0x40, 0xD6, 0xC0, 0xF7, 0xE0, 0xF7, 0xE0,
    0xF7, 0xE0, 0xF7, 0xE0, 0xF7, 0xE0, 0xF7, 0xE0, 0xF7, 0xE0, 0xF7, 0xE0, 0xF7, 0xE0, 0xF7, 0xE0,
    0xF7, 0xE0, 0xF7, 0xE0, 0xF7, 0xE0, 0xF7, 0xE0, 0xF7, 0xE0, 0xF7, 0xE0, 0xF7, 0xC0, 0xB5, 0xC0,
    0x42, 0x20, 0x23, 0x00, 0x9E, 0x20, 0x94, 0xA0, 0xE7, 0x60, 0xF7, 0xE0, 0xF7, 0xE0, 0xF7, 0xE0,
    0xF7, 0xE0, 0xF7, 0xE0, 0xF7, 0xE0, 0xF7, 0xE0, 0xF7, 0xE0, 0xF7, 0xE0, 0xF7, 0xE0, 0xF7, 0xC0,
    0xC6, 0x60, 0x29, 0x60, 0x2A, 0x00, 0xA9, 0x6B, 0x60, 0xD6, 0xC0, 0xF7, 0xE0, 0xF7, 0xE0, 0xF7,
    0xE0, 0xF7, 0xE0, 0xF7, 0xE0, 0xF7, 0xE0, 0xF7, 0xE0, 0xF7, 0xE0, 0xF7, 0xE0, 0xF7, 0xE0, 0xF7,
    0xE0, 0xF7, 0xE0, 0xF7, 0xE0, 0xF7, 0xE0, 0xF7, 0xE0, 0xF7, 0xE0, 0xF7, 0xC0, 0xAD, 0xA0, 0x42,
    0x20, 0x23, 0x00, 0x9E, 0x20, 0x94, 0xC0, 0xE7, 0x40, 0xF7, 0xE0, 0xF7, 0xE0, 0xF7, 0xE0, 0xF7,
    0xE0, 0xF7, 0xE0, 0xF7, 0xE0, 0xF7, 0xE0, 0xF7, 0xE0, 0xF7, 0xE0, 0xF7, 0xE0, 0xF7, 0xC0, 0xC6,
    0x40, 0x29, 0x40, 0x2A, 0x00, 0xA8, 0x6B, 0x80, 0xD6, 0xC0, 0xF7, 0xE0, 0xF7, 0xE0, 0xF7, 0xE0,
    0xF7, 0xE0, 0xF7, 0xE0, 0xF7, 0xE0, 0xF7, 0xE0, 0xF7, 0xE0, 0xF7, 0xE0, 0xF7, 0xE0, 0xF7, 0xE0,
    0xF7, 0xE0, 0xF7, 0xE0, 0xF7, 0xE0, 0xF7, 0xE0, 0xF7, 0xE0, 0xEF, 0xA0, 0xB5, 0xC0, 0x42, 0x23,
    0x00, 0x9F, 0x08, 0x40, 0x94, 0xC0, 0xE7, 0x60, 0xF7, 0xE0, 0xF7, 0xE0, 0xF7, 0xE0, 0xF7, 0xE0,
    0xF7, 0xE0, 0xF7, 0xE0, 0xF7, 0xE0, 0xF7, 0xE0, 0xF7, 0xE0, 0xF7, 0xE0, 0xF7, 0xC0, 0xC6, 0x40,
    0x21, 0x40, 0x2A, 0x00, 0xA8, 0x73, 0xA0, 0xD6, 0xC0, 0xF7, 0xE0, 0xF7, 0xE0, 0xF7, 0xE0, 0xF7,
    0xE0, 0xF7, 0xE0, 0xF7, 0xE0, 0xF7, 0xE0, 0xF7, 0xE0, 0xF7, 0xE0, 0xF7, 0xE0, 0xF7, 0xE0, 0xF7,
    0xE0, 0xF7, 0xE0, 0xF7, 0xE0, 0xF7, 0xE0, 0xF7, 0xE0, 0xEF, 0xA0, 0xAD, 0x80, 0x42, 0x23, 0x00,
    0x9F, 0x08, 0x40, 0x9C, 0xE0, 0xE7, 0x40, 0xF7, 0xE0, 0xF7, 0xE0, 0xF7, 0xE0, 0xF7, 0xE0, 0xF7,
    0xE0, 0xF7, 0xE0, 0xF7, 0xE0, 0xF7, 0xE0, 0xF7, 0xE0, 0xF7, 0xE0, 0xF7, 0xC0, 0xC6, 0x40, 0x21,
    0x20, 0x2A, 0x00, 0xA9, 0x73, 0xA0, 0xD6, 0xE0, 0xF7, 0xE0, 0xF7, 0xE0, 0xF7, 0xE0, 0xF7, 0xE0,
    0xF7, 0xE0, 0xF7, 0xE0, 0xF7, 0xE0, 0xF7, 0xE0, 0xF7, 0xE0, 0xF7, 0xE0, 0xF7, 0xE0, 0xF7, 0xE0,
    0xF7, 0xE0, 0xF7, 0xE0, 0xF7, 0xE0, 0xF7, 0xE0, 0xEF, 0xA0, 0xB5, 0xA0, 0x39, 0xE0, 0x22, 0x00,
    0x9E, 0x08, 0x60, 0x9C, 0xE0, 0xE7, 0x60, 0xF7, 0xE0, 0xF7, 0xE0, 0xF7, 0xE0, 0xF7, 0xE0, 0xF7,
    0xE0, 0xF7, 0xE0, 0xF7, 0xE0, 0xF7, 0xE0, 0xF7, 0xE0, 0xF7, 0xE0, 0xF7, 0xC0, 0xBE, 0x20, 0x21,
    0x2B, 0x00, 0xA9, 0x73, 0xC0, 0xD6, 0xC0, 0xF7, 0xE0, 0xF7, 0xE0, 0xF7, 0xE0, 0xF7, 0xE0, 0xF7,
    0xE0, 0xF7, 0xE0, 0xF7, 0xE0, 0xF7, 0xE0, 0xF7, 0xE0, 0xF7, 0xE0, 0xF7, 0xE0, 0xF7, 0xE0, 0xF7,
    0xE0, 0xF7, 0xE0, 0xF7, 0xE0, 0xF7, 0xE0, 0xEF, 0xA0, 0xAD, 0x80, 0x39, 0xE0, 0x22, 0x00, 0x9E,
    0x08, 0x60, 0x9D, 0x20, 0xE7, 0x60, 0xF7, 0xE0, 0xF7, 0xE0, 0xF7, 0xE0, 0xF7, 0xE0, 0xF7, 0xE0,
    0xF7, 0xE0, 0xF7, 0xE0, 0xF7, 0xE0, 0xF7, 0xE0, 0xF7, 0xE0, 0xF7, 0xC0, 0xBE, 0x00, 0x19, 0x2B,
    0x00, 0xA9, 0x73, 0xC0, 0xD6, 0xE0, 0xF7, 0xE0, 0xF7, 0xE0, 0xF7, 0xE0, 0xF7, 0xE0, 0xF7, 0xE0,
    0xF7, 0xE0, 0xF7, 0xE0, 0xF7, 0xE0, 0xF7, 0xE0, 0xF7, 0xE0, 0xF7, 0xE0, 0xF7, 0xE0, 0xF7, 0xE0,
    0xF7, 0xE0, 0xF7, 0xE0, 0xF7, 0xE0, 0xEF, 0x80, 0xAD, 0x80, 0x39, 0xC0, 0x22, 0x00, 0x9F, 0x10,
    0x80, 0xA5, 0x20, 0xE7, 0x60, 0xF7, 0xE0, 0xF7, 0xE0, 0xF7, 0xE0, 0xF7, 0xE0, 0xF7, 0xE0, 0xF7,
    0xE0, 0xF7, 0xE0, 0xF7, 0xE0, 0xF7, 0xE0, 0xF7, 0xE0, 0xF7, 0xC0, 0xBE, 0x00, 0x18, 0xE0, 0x2A,
    0x00, 0xA9, 0x7B, 0xE0, 0xD6, 0xE0, 0xF7, 0xE0, 0xF7, 0xE0, 0xF7, 0xE0, 0xF7, 0xE0, 0xF7, 0xE0,
    0xF7, 0xE0, 0xF7, 0xE0, 0xF7, 0xE0, 0xF7, 0xE0, 0xF7, 0xE0, 0xF7, 0xE0, 0xF7, 0xE0, 0xF7, 0xE0,
    0xF7, 0xE0, 0xF7, 0xE0, 0xF7, 0xE0, 0xEF, 0xA0, 0xAD, 0x80, 0x31, 0xC0, 0x22, 0x00, 0x9F, 0x10,
    0xA0, 0xA5, 0x40, 0xE7, 0x60, 0xF7, 0xE0, 0xF7, 0xE0, 0xF7, 0xE0, 0xF7, 0xE0, 0xF7, 0xE0, 0xF7,
    0xE0, 0xF7, 0xE0, 0xF7, 0xE0, 0xF7, 0xE0, 0xF7, 0xE0, 0xF7, 0xC0, 0xBE, 0x00, 0x18, 0xC0, 0x2A,
    0x00, 0xA9, 0x7C, 0x00, 0xDE, 0xE0, 0xF7, 0xE0, 0xF7, 0xE0, 0xF7, 0xE0, 0xF7, 0xE0, 0xF7, 0xE0,
    0xF7, 0xE0, 0xF7, 0xE0, 0xF7, 0xE0, 0xF7, 0xE0, 0xF7, 0xE0, 0xF7, 0xE0, 0xF7, 0xE0, 0xF7, 0xE0,
    0xF7, 0xE0, 0xF7, 0xE0, 0xF7, 0xE0, 0xEF, 0x80, 0xAD, 0x80, 0x31, 0xA0, 0x22, 0x00, 0x9F, 0x10,
    0xA0, 0xA5, 0x40, 0xEF, 0x60, 0xF7, 0xE0, 0xF7, 0xE0, 0xF7, 0xE0, 0xF7, 0xE0, 0xF7, 0xE0, 0xF7,
    0xE0, 0xF7, 0xE0, 0xF7, 0xE0, 0xF7, 0xE0, 0xF7, 0xE0, 0xF7, 0xC0, 0xB5, 0xC0, 0x10, 0xC0, 0x2A,
    0x00, 0xA9, 0x84, 0x20, 0xD6, 0xE0, 0xF7, 0xE0, 0xF7, 0xE0, 0xF7, 0xE0, 0xF7, 0xE0, 0xF7, 0xE0,
    0xF7, 0xE0, 0xF7, 0xE0, 0xF7, 0xE0, 0xF7, 0xE0, 0xF7, 0xE0, 0xF7, 0xE0, 0xF7, 0xE0, 0xF7, 0xE0,
    0xF7, 0xE0, 0xF7, 0xE0, 0xF7, 0xE0, 0xEF, 0x80, 0xAD, 0x60, 0x31, 0xA0, 0x22, 0x00, 0x9F, 0x10,
    0xC0, 0xA5, 0x60, 0xE7, 0x60, 0xF7, 0xE0, 0xF7, 0xE0, 0xF7, 0xE0, 0xF7, 0xE0, 0xF7, 0xE0, 0xF7,
    0xE0, 0xF7, 0xE0, 0xF7, 0xE0, 0xF7, 0xE0, 0xF7, 0xE0, 0xF7, 0xE0, 0xB5, 0xC0, 0x10, 0xA0, 0x2A,
    0x00, 0xA9, 0x84, 0x20, 0xDF, 0x00, 0xF7, 0xE0, 0xF7, 0xE0, 0xF7, 0xE0, 0xF7, 0xE0, 0xF7, 0xE0,
    0xF7, 0xE0, 0xF7, 0xE0, 0xF7, 0xE0, 0xF7, 0xE0, 0xF7, 0xE0, 0xF7, 0xE0, 0xF7, 0xE0, 0xF7, 0xE0,
    0xF7, 0xE0, 0xF7, 0xE0, 0xF7, 0xE0, 0xEF, 0x80, 0xAD, 0x60, 0x29, 0x80, 0x22, 0x00, 0x9F, 0x18,
    0xC0, 0xA5, 0x60, 0xEF, 0x60, 0xF7, 0xE0, 0xF7, 0xE0, 0xF7, 0xE0, 0xF7, 0xE0, 0xF7, 0xE0, 0xF7,
    0xE0, 0xF7, 0xE0, 0xF7, 0xE0, 0xF7, 0xE0, 0xF7, 0xE0, 0xF7, 0xE0, 0xF7, 0xE0, 0x10, 0x80, 0x29,
    0x00, 0xAA, 0x20, 0x84, 0x20, 0xDF, 0x00, 0xF7, 0xE0, 0xF7, 0xE0, 0xF7, 0xE0, 0xF7, 0xE0, 0xF7,
    0xE0, 0xF7, 0xE0, 0xF7, 0xE0, 0xF7, 0xE0, 0xF7, 0xE0, 0xF7, 0xE0, 0xF7, 0xE0, 0xF7, 0xE0, 0xF7,
    0xE0, 0xF7, 0xE0, 0xF7, 0xE0, 0xF7, 0xE0, 0xEF, 0x80, 0xAD, 0x60, 0x29, 0x60, 0x22, 0x00, 0x9F,
    0x18, 0xE0, 0xAD, 0x80, 0xEF, 0x60, 0xF7, 0xE0, 0xF7, 0xE0, 0xF7, 0xE0, 0xF7, 0xE0, 0xF7, 0xE0,
    0xF7, 0xE0, 0xF7, 0xE0, 0xF7, 0xE0, 0xF7, 0xE0, 0xF7, 0xE0, 0xF7, 0xE0, 0xF7, 0xE0, 0xF7, 0xE0,
    0x29, 0x00, 0xAA, 0x20, 0x84, 0x40, 0xDF, 0x00, 0xF7, 0xE0, 0xF7, 0xE0, 0xF7, 0xE0, 0xF7, 0xE0,
    0xF7, 0xE0, 0xF7, 0xE0, 0xF7, 0xE0, 0xF7, 0xE0, 0xF7, 0xE0, 0xF7, 0xE0, 0xF7, 0xE0, 0xF7, 0xE0,
    0xF7, 0xE0, 0xF7, 0xE0, 0xF7, 0xE0, 0xF7, 0xE0, 0xEF, 0x60, 0xA5, 0x40, 0x29, 0x60, 0x22, 0x00,
    0xA1, 0x18, 0xE0, 0xAD, 0x80, 0xEF, 0x80, 0xF7, 0xE0, 0xF7, 0xE0, 0xF7, 0xE0, 0xF7, 0xE0, 0xF7,
    0xE0, 0xF7, 0xE0, 0xF7, 0xE0, 0xF7, 0xE0, 0xF7, 0xE0, 0xF7, 0xE0, 0xF7, 0xE0, 0xF7, 0xE0, 0xF7,
    0xE0, 0xF7, 0xE0, 0x27, 0x00, 0xAA, 0x20, 0x8C, 0x60, 0xDF, 0x00, 0xF7, 0xE0, 0xF7, 0xE0, 0xF7,
    0xE0, 0xF7, 0xE0, 0xF7, 0xE0, 0xF7, 0xE0, 0xF7, 0xE0, 0xF7, 0xE0, 0xF7, 0xE0, 0xF7, 0xE0, 0xF7,
    0xE0, 0xF7, 0xE0, 0xF7, 0xE0, 0xF7, 0xE0, 0xF7, 0xE0, 0xF7, 0xE0, 0xE7, 0x60, 0xA5, 0x40, 0x29,
    0x40, 0x22, 0x00, 0xA3, 0x21, 0x00, 0xAD, 0xA0, 0xEF, 0x80, 0xF7, 0xE0, 0xF7, 0xE0, 0xF7, 0xE0,
    0xF7, 0xE0, 0xF7, 0xE0, 0xF7, 0xE0, 0xF7, 0xE0, 0xF7, 0xE0, 0xF7, 0xE0, 0xF7, 0xE0, 0xF7, 0xE0,
    0xF7, 0xE0, 0xF7, 0xE0, 0xF7, 0xE0, 0xF7, 0xE0, 0x24, 0x00, 0xAB, 0x08, 0x40, 0x8C, 0x80, 0xDF,
    0x00, 0xF7, 0xE0, 0xF7, 0xE0, 0xF7, 0xE0, 0xF7, 0xE0, 0xF7, 0xE0, 0xF7, 0xE0, 0xF7, 0xE0, 0xF7,
    0xE0, 0xF7, 0xE0, 0xF7, 0xE0, 0xF7, 0xE0, 0xF7, 0xE0, 0xF7, 0xE0, 0xF7, 0xE0, 0xF7, 0xE0, 0xF7,
    0xE0, 0xE7, 0x60, 0xA5, 0x40, 0x21, 0x40, 0x22, 0x00, 0xA5, 0x21, 0x20, 0xAD, 0xA0, 0xEF, 0x80,
    0xF7, 0xE0, 0xF7, 0xE0, 0xF7, 0xE0, 0xF7, 0xE0, 0xF7, 0xE0, 0xF7, 0xE0, 0xF7, 0xE0, 0xF7, 0xE0,
    0xF7, 0xE0, 0xF7, 0xE0, 0xF7, 0xE0, 0xF7, 0xE0, 0xF7, 0xE0, 0xF7, 0xE0, 0xF7, 0xE0, 0xF7, 0xE0,
    0x22, 0x00, 0xAB, 0x08, 0x40, 0x8C, 0x60, 0xDF, 0x00, 0xF7, 0xE0, 0xF7, 0xE0, 0xF7, 0xE0, 0xF7,
    0xE0, 0xF7, 0xE0, 0xF7, 0xE0, 0xF7, 0xE0, 0xF7, 0xE0, 0xF7, 0xE0, 0xF7, 0xE0, 0xF7, 0xE0, 0xF7,
    0xE0, 0xF7, 0xE0, 0xF7, 0xE0, 0xF7, 0xE0, 0xF7, 0xE0, 0xE7, 0x60, 0xA5, 0x40, 0x21, 0x20, 0x22,
    0x00, 0xA7, 0x21, 0x40, 0xAD, 0xA0, 0xEF, 0x80, 0xF7, 0xE0, 0xF7, 0xE0, 0xF7, 0xE0, 0xF7, 0xE0,
    0xF7, 0xE0, 0xF7, 0xE0, 0xF7, 0xE0, 0xF7, 0xE0, 0xF7, 0xE0, 0xF7, 0xE0, 0xF7, 0xE0, 0xF7, 0xE0,
    0xF7, 0xE0, 0xF7, 0xE0, 0xF7, 0xE0, 0xF7, 0xE0, 0xD6, 0xC0, 0x20, 0x00, 0xAA, 0x08, 0x60, 0x8C,
    0xA0, 0xDF, 0x00, 0xF7, 0xE0, 0xF7, 0xE0, 0xF7, 0xE0, 0xF7, 0xE0, 0xF7, 0xE0, 0xF7, 0xE0, 0xF7,
    0xE0, 0xF7, 0xE0, 0xF7, 0xE0, 0xF7, 0xE0, 0xF7, 0xE0, 0xF7, 0xE0, 0xF7, 0xE0, 0xF7, 0xE0, 0xF7,
    0xE0, 0xF7, 0xE0, 0xE7, 0x60, 0x9D, 0x20, 0x21, 0x23, 0x00, 0xA9, 0x21, 0x40, 0xB5, 0xC0, 0xEF,
    0x80, 0xF7, 0xE0, 0xF7, 0xE0, 0xF7, 0xE0, 0xF7, 0xE0, 0xF7, 0xE0, 0xF7, 0xE0, 0xF7, 0xE0, 0xF7,
    0xE0, 0xF7, 0xE0, 0xF7, 0xE0, 0xF7, 0xE0, 0xF7, 0xE0, 0xF7, 0xE0, 0xF7, 0xE0, 0xF7, 0xE0, 0xF7,
    0xE0, 0xD6, 0xC0, 0x7B, 0xE0, 0x1E, 0x00, 0xAA, 0x08, 0x60, 0x8C, 0xA0, 0xDF, 0x20, 0xF7, 0xE0,
    0xF7, 0xE0, 0xF7, 0xE0, 0xF7, 0xE0, 0xF7, 0xE0, 0xF7, 0xE0, 0xF7, 0xE0, 0xF7, 0xE0, 0xF7, 0xE0,
    0xF7, 0xE0, 0xF7, 0xE0, 0xF7, 0xE0, 0xF7, 0xE0, 0xF7, 0xE0, 0xF7, 0xE0, 0xF7, 0xE0, 0xE7, 0x40,
    0xA5, 0x40, 0x21, 0x23, 0x00, 0xAB, 0x29, 0x60, 0xB5, 0xC0, 0xEF, 0x80, 0xF7, 0xE0, 0xF7, 0xE0,
    0xF7, 0xE0, 0xF7, 0xE0, 0xF7, 0xE0, 0xF7, 0xE0, 0xF7, 0xE0, 0xF7, 0xE0, 0xF7, 0xE0, 0xF7, 0xE0,
    0xF7, 0xE0, 0xF7, 0xE0, 0xF7, 0xE0, 0xF7, 0xE0, 0xF7, 0xE0, 0xF7, 0xE0, 0xD6, 0xA0, 0x7C, 0x00,
    0x08, 0x40, 0x1C, 0x00, 0xAB, 0x08, 0x80, 0x94, 0xC0, 0xDF, 0x20, 0xF7, 0xE0, 0xF7, 0xE0, 0xF7,
    0xE0, 0xF7, 0xE0, 0xF7, 0xE0, 0xF7, 0xE0, 0xF7, 0xE0, 0xF7, 0xE0, 0xF7, 0xE0, 0xF7, 0xE0, 0xF7,
    0xE0, 0xF7, 0xE0, 0xF7, 0xE0, 0xF7, 0xE0, 0xF7, 0xE0, 0xF7, 0xE0, 0xE7, 0x60, 0x9D, 0x00, 0x18,
    0xE0, 0x22, 0x00, 0xAB, 0x29, 0x60, 0xB5, 0xC0, 0xEF, 0x80, 0xF7, 0xE0, 0xF7, 0xE0, 0xF7, 0xE0,
    0xF7, 0xE0, 0xF7, 0xE0, 0xF7, 0xE0, 0xF7, 0xE0, 0xF7, 0xE0, 0xF7, 0xE0, 0xF7, 0xE0, 0xF7, 0xE0,
    0xF7, 0xE0, 0xF7, 0xE0, 0xF7, 0xE0, 0xF7, 0xE0, 0xF7, 0xE0, 0xD6, 0xC0, 0x73, 0xC0, 0x00, 0x20,
    0x1C, 0x00, 0xAB, 0x10, 0x80, 0x94, 0xA0, 0xDF, 0x20, 0xF7, 0xE0, 0xF7, 0xE0, 0xF7, 0xE0, 0xF7,
    0xE0, 0xF7, 0xE0, 0xF7, 0xE0, 0xF7, 0xE0, 0xF7, 0xE0, 0xF7, 0xE0, 0xF7, 0xE0, 0xF7, 0xE0, 0xF7,
    0xE0, 0xF7, 0xE0, 0xF7, 0xE0, 0xF7, 0xE0, 0xF7, 0xE0, 0xE7, 0x40, 0x9D, 0x20, 0x18, 0xE0, 0x22,
    0x00, 0xAB, 0x29, 0x80, 0xB5, 0xC0, 0xEF, 0xA0, 0xF7, 0xE0, 0xF7, 0xE0, 0xF7, 0xE0, 0xF7, 0xE0,
    0xF7, 0xE0, 0xF7, 0xE0, 0xF7, 0xE0, 0xF7, 0xE0, 0xF7, 0xE0, 0xF7, 0xE0, 0xF7, 0xE0, 0xF7, 0xE0,
    0xF7, 0xE0, 0xF7, 0xE0, 0xF7, 0xE0, 0xF7, 0xE0, 0xCE, 0xA0, 0x7B, 0xE0, 0x00, 0x20, 0x1C, 0x00,
    0xAB, 0x10, 0xA0, 0x94, 0xE0, 0xDF, 0x20, 0xF7, 0xE0, 0xF7, 0xE0, 0xF7, 0xE0, 0xF7, 0xE0, 0xF7,
    0xE0, 0xF7, 0xE0, 0xF7, 0xE0, 0xF7, 0xE0, 0xF7, 0xE0, 0xF7, 0xE0, 0xF7, 0xE0, 0xF7, 0xE0, 0xF7,
    0xE0, 0xF7, 0xE0, 0xF7, 0xE0, 0xF7, 0xE0, 0xE7, 0x40, 0x9D, 0x00, 0x18, 0xE0, 0x22, 0x00, 0xAB,
    0x31, 0x80, 0xB5, 0xE0, 0xEF, 0xA0, 0xF7, 0xE0, 0xF7, 0xE0, 0xF7, 0xE0, 0xF7, 0xE0, 0xF7, 0xE0,
    0xF7, 0xE0, 0xF7, 0xE0, 0xF7, 0xE0, 0xF7, 0xE0, 0xF7, 0xE0, 0xF7, 0xE0, 0xF7, 0xE0, 0xF7, 0xE0,
    0xF7, 0xE0, 0xF7, 0xE0, 0xF7, 0xE0, 0xD6, 0xA0, 0x73, 0xA0, 0x00, 0x20, 0x1C, 0x00, 0xAB, 0x10,
    0xA0, 0x94, 0xC0, 0xE7, 0x40, 0xF7, 0xE0, 0xF7, 0xE0, 0xF7, 0xE0, 0xF7, 0xE0, 0xF7, 0xE0, 0xF7,
    0xE0, 0xF7, 0xE0, 0xF7, 0xE0, 0xF7, 0xE0, 0xF7, 0xE0, 0xF7, 0xE0, 0xF7, 0xE0, 0xF7, 0xE0, 0xF7,
    0xE0, 0xF7, 0xE0, 0xF7, 0xE0, 0xE7, 0x40, 0x9D, 0x00, 0x10, 0xC0, 0x22, 0x00, 0xA9, 0x31, 0xA0,
    0xB5, 0xE0, 0xEF, 0xA0, 0xF7, 0xE0, 0xF7, 0xE0, 0xF7, 0xE0, 0xF7, 0xE0, 0xF7, 0xE0, 0xF7, 0xE0,
    0xF7, 0xE0, 0xF7, 0xE0, 0xF7, 0xE0, 0xF7, 0xE0, 0xF7, 0xE0, 0xF7, 0xE0, 0xF7, 0xE0, 0xF7, 0xE0,
    0xF7, 0xE0, 0xF7, 0xE0, 0xCE, 0xA0, 0x73, 0xC0, 0x1E, 0x00, 0xAB, 0x10, 0xC0, 0x9C, 0xE0, 0xE7,
    0x20, 0xF7, 0xE0, 0xF7, 0xE0, 0xF7, 0xE0, 0xF7, 0xE0, 0xF7, 0xE0, 0xF7, 0xE0, 0xF7, 0xE0, 0xF7,
    0xE0, 0xF7, 0xE0, 0xF7, 0xE0, 0xF7, 0xE0, 0xF7, 0xE0, 0xF7, 0xE0, 0xF7, 0xE0, 0xF7, 0xE0, 0xF7,
    0xE0, 0xE7, 0x40, 0x9C, 0xE0, 0x10, 0xA0, 0x22, 0x00, 0xA9, 0x31, 0xC0, 0xBE, 0x00, 0xEF, 0xA0,
    0xF7, 0xE0, 0xF7, 0xE0, 0xF7, 0xE0, 0xF7, 0xE0, 0xF7, 0xE0, 0xF7, 0xE0, 0xF7, 0xE0, 0xF7, 0xE0,
    0xF7, 0xE0, 0xF7, 0xE0, 0xF7, 0xE0, 0xF7, 0xE0, 0xF7, 0xE0, 0xF7, 0xE0, 0xF7, 0xE0, 0xF7, 0xE0,
    0xCE, 0xA0, 0x73, 0xA0, 0x1E, 0x00, 0xAB, 0x18, 0xC0, 0x9C, 0xE0, 0xE7, 0x40, 0xF7, 0xE0, 0xF7,
    0xE0, 0xF7, 0xE0, 0xF7, 0xE0, 0xF7, 0xE0, 0xF7, 0xE0, 0xF7, 0xE0, 0xF7, 0xE0, 0xF7, 0xE0, 0xF7,
    0xE0, 0xF7, 0xE0, 0xF7, 0xE0, 0xF7, 0xE0, 0xF7, 0xE0, 0xF7, 0xE0, 0xF7, 0xE0, 0xE7, 0x20, 0x94,
    0xE0, 0x10, 0xA0, 0x22, 0x00, 0xA9, 0x39, 0xC0, 0xBD, 0xE0, 0xEF, 0xA0, 0xF7, 0xE0, 0xF7, 0xE0,
    0xF7, 0xE0, 0xF7, 0xE0, 0xF7, 0xE0, 0xF7, 0xE0, 0xF7, 0xE0, 0xF7, 0xE0, 0xF7, 0xE0, 0xF7, 0xE0,
    0xF7, 0xE0, 0xF7, 0xE0, 0xF7, 0xE0, 0xF7, 0xE0, 0xF7, 0xE0, 0xF7, 0xE0, 0xCE, 0x80, 0x73, 0xA0,
    0x1E, 0x00, 0xAB, 0x18, 0xE0, 0x9D, 0x00, 0xE7, 0x40, 0xF7, 0xE0, 0xF7, 0xE0, 0xF7, 0xE0, 0xF7,
    0xE0, 0xF7, 0xE0, 0xF7, 0xE0, 0xF7, 0xE0, 0xF7, 0xE0, 0xF7, 0xE0, 0xF7, 0xE0, 0xF7, 0xE0, 0xF7,
    0xE0, 0xF7, 0xE0, 0xF7, 0xE0, 0xF7, 0xE0, 0xF7, 0xE0, 0xDF, 0x20, 0x94, 0xC0, 0x10, 0x80, 0x22,
    0x00, 0xA9, 0x39, 0xE0, 0xBE, 0x00, 0xEF, 0xA0, 0xF7, 0xE0, 0xF7, 0xE0, 0xF7, 0xE0, 0xF7, 0xE0,
    0xF7, 0xE0, 0xF7, 0xE0, 0xF7, 0xE0, 0xF7, 0xE0, 0xF7, 0xE0, 0xF7, 0xE0, 0xF7, 0xE0, 0xF7, 0xE0,
    0xF7, 0xE0, 0xF7, 0xE0, 0xF7, 0xE0, 0xF7, 0xE0, 0xCE, 0x80, 0x6B, 0x80, 0x1E, 0x00, 0xAB, 0x18,
    0xE0, 0x9D, 0x00, 0xE7, 0x40, 0xF7, 0xE0, 0xF7, 0xE0, 0xF7, 0xE0, 0xF7, 0xE0, 0xF7, 0xE0, 0xF7,
    0xE0, 0xF7, 0xE0, 0xF7, 0xE0, 0xF7, 0xE0, 0xF7, 0xE0, 0xF7, 0xE0, 0xF7, 0xE0, 0xF7, 0xE0, 0xF7,
    0xE0, 0xF7, 0xE0, 0xF7, 0xE0, 0xDF, 0x20, 0x94, 0xC0, 0x10, 0x80, 0x22, 0x00, 0xA9, 0x42, 0x00,
    0xBE, 0x00, 0xEF, 0xA0, 0xF7, 0xE0, 0xF7, 0xE0, 0xF7, 0xE0, 0xF7, 0xE0, 0xF7, 0xE0, 0xF7, 0xE0,
    0xF7, 0xE0, 0xF7, 0xE0, 0xF7, 0xE0, 0xF7, 0xE0, 0xF7, 0xE0, 0xF7, 0xE0, 0xF7, 0xE0, 0xF7, 0xE0,
    0xF7, 0xE0, 0xF7, 0xE0, 0xCE, 0x80, 0x6B, 0x60, 0x1E, 0x00, 0xAB, 0x21, 0x00, 0xA5, 0x20, 0xE7,
    0x40, 0xF7, 0xE0, 0xF7, 0xE0, 0xF7, 0xE0, 0xF7, 0xE0, 0xF7, 0xE0, 0xF7, 0xE0, 0xF7, 0xE0, 0xF7,
    0xE0, 0xF7, 0xE0, 0xF7, 0xE0, 0xF7, 0xE0, 0xF7, 0xE0, 0xF7, 0xE0, 0xF7, 0xE0, 0xF7, 0xE0, 0xF7,
    0xE0, 0xDF, 0x20, 0x94, 0xA0, 0x08, 0x60, 0x22, 0x00, 0xA9, 0x42, 0x00, 0xBE, 0x20, 0xEF, 0xA0,
    0xF7, 0xE0, 0xF7, 0xE0, 0xF7, 0xE0, 0xF7, 0xE0, 0xF7, 0xE0, 0xF7, 0xE0, 0xF7, 0xE0, 0xF7, 0xE0,
    0xF7, 0xE0, 0xF7, 0xE0, 0xF7, 0xE0, 0xF7, 0xE0, 0xF7, 0xE0, 0xF7, 0xE0, 0xF7, 0xE0, 0xF7, 0xE0,
    0xCE, 0x60, 0x6B, 0x60, 0x1E, 0x00, 0xAB, 0x21, 0x00, 0x9D, 0x20, 0xE7, 0x60, 0xF7, 0xE0, 0xF7,
    0xE0, 0xF7, 0xE0, 0xF7, 0xE0, 0xF7, 0xE0, 0xF7, 0xE0, 0xF7, 0xE0, 0xF7, 0xE0, 0xF7, 0xE0, 0xF7,
    0xE0, 0xF7, 0xE0, 0xF7, 0xE0, 0xF7, 0xE0, 0xF7, 0xE0, 0xF7, 0xE0, 0xF7, 0xE0, 0xDF, 0x20, 0x8C,
    0x80, 0x08, 0x60, 0x22, 0x00, 0xA9, 0x42, 0x20, 0xBE, 0x00, 0xF7, 0xC0, 0xF7, 0xE0, 0xF7, 0xE0,
    0xF7, 0xE0, 0xF7, 0xE0, 0xF7, 0xE0, 0xF7, 0xE0, 0xF7, 0xE0, 0xF7, 0xE0, 0xF7, 0xE0, 0xF7, 0xE0,
    0xF7, 0xE0, 0xF7, 0xE0, 0xF7, 0xE0, 0xF7, 0xE0, 0xF7, 0xE0, 0xF7, 0xE0, 0xCE, 0x80, 0x63, 0x40,
    0x1E, 0x00, 0xAB, 0x21, 0x20, 0xA5, 0x20, 0xE7, 0x60, 0xF7, 0xE0, 0xF7, 0xE0, 0xF7, 0xE0, 0xF7,
    0xE0, 0xF7, 0xE0, 0xF7, 0xE0, 0xF7, 0xE0, 0xF7, 0xE0, 0xF7, 0xE0, 0xF7, 0xE0, 0xF7, 0xE0, 0xF7,
    0xE0, 0xF7, 0xE0, 0xF7, 0xE0, 0xF7, 0xE0, 0xF7, 0xE0, 0xDF, 0x00, 0x8C, 0x80, 0x08, 0x40, 0x22,
    0x00, 0xA9, 0x42, 0x40, 0xBE, 0x20, 0xF7, 0xC0, 0xF7, 0xE0, 0xF7, 0xE0, 0xF7, 0xE0, 0xF7, 0xE0,
    0xF7, 0xE0, 0xF7, 0xE0, 0xF7, 0xE0, 0xF7, 0xE0, 0xF7, 0xE0, 0xF7, 0xE0, 0xF7, 0xE0, 0xF7, 0xE0,
    0xF7, 0xE0, 0xF7, 0xE0, 0xF7, 0xE0, 0xF7, 0xE0, 0xC6, 0x60, 0x63, 0x40, 0x1E, 0x00, 0xAB, 0x21,
    0x40, 0xA5, 0x40, 0xE7, 0x60, 0xF7, 0xE0, 0xF7, 0xE0, 0xF7, 0xE0, 0xF7, 0xE0, 0xF7, 0xE0, 0xF7,
    0xE0, 0xF7, 0xE0, 0xF7, 0xE0, 0xF7, 0xE0, 0xF7, 0xE0, 0xF7, 0xE0, 0xF7, 0xE0, 0xF7, 0xE0, 0xF7,
    0xE0, 0xF7, 0xE0, 0xF7, 0xE0, 0xDF, 0x20, 0x8C, 0x60, 0x08, 0x40, 0x22, 0x00, 0xA9, 0x4A, 0x40,
    0xC6, 0x20, 0xF7, 0xC0, 0xF7, 0xE0, 0xF7, 0xE0, 0xF7, 0xE0, 0xF7, 0xE0, 0xF7, 0xE0, 0xF7, 0xE0,
    0xF7, 0xE0, 0xF7, 0xE0, 0xF7, 0xE0, 0xF7, 0xE0, 0xF7, 0xE0, 0xF7, 0xE0, 0xF7, 0xE0, 0xF7, 0xE0,
    0xF7, 0xE0, 0xF7, 0xE0, 0xCE, 0x60, 0x63, 0x20, 0x1E, 0x00, 0xAB, 0x29, 0x40, 0xA5, 0x40, 0xE7,
    0x60, 0xF7, 0xE0, 0xF7, 0xE0, 0xF7, 0xE0, 0xF7, 0xE0, 0xF7, 0xE0, 0xF7, 0xE0, 0xF7, 0xE0, 0xF7,
    0xE0, 0xF7, 0xE0, 0xF7, 0xE0, 0xF7, 0xE0, 0xF7, 0xE0, 0xF7, 0xE0, 0xF7, 0xE0, 0xF7, 0xE0, 0xF7,
    0xE0, 0xDF, 0x00, 0x8C, 0x60, 0x00, 0x20, 0x22, 0x00, 0xA9, 0x4A, 0x60, 0xC6, 0x20, 0xF7, 0xC0,
    0xF7, 0xE0, 0xF7, 0xE0, 0xF7, 0xE0, 0xF7, 0xE0, 0xF7, 0xE0, 0xF7, 0xE0, 0xF7, 0xE0, 0xF7, 0xE0,
    0xF7, 0xE0, 0xF7, 0xE0, 0xF7, 0xE0, 0xF7, 0xE0, 0xF7, 0xE0, 0xF7, 0xE0, 0xF7, 0xE0, 0xF7, 0xE0,
    0xC6, 0x40, 0x63, 0x20, 0x1E, 0x00, 0xAB, 0x29, 0x60, 0xA5, 0x40, 0xEF, 0x60, 0xF7, 0xE0, 0xF7,
    0xE0, 0xF7, 0xE0, 0xF7, 0xE0, 0xF7, 0xE0, 0xF7, 0xE0, 0xF7, 0xE0, 0xF7, 0xE0, 0xF7, 0xE0, 0xF7,
    0xE0, 0xF7, 0xE0, 0xF7, 0xE0, 0xF7, 0xE0, 0xF7, 0xE0, 0xF7, 0xE0, 0xF7, 0xE0, 0xDF, 0x00, 0x84,
    0x40, 0x00, 0x20, 0x22, 0x00, 0xA9, 0x4A, 0x80, 0xC6, 0x40, 0xF7, 0xC0, 0xF7, 0xE0, 0xF7, 0xE0,
    0xF7, 0xE0, 0xF7, 0xE0, 0xF7, 0xE0, 0xF7, 0xE0, 0xF7, 0xE0, 0xF7, 0xE0, 0xF7, 0xE0, 0xF7, 0xE0,
    0xF7, 0xE0, 0xF7, 0xE0, 0xF7, 0xE0, 0xF7, 0xE0, 0xF7, 0xE0, 0xF7, 0xE0, 0xC6, 0x60, 0x5A, 0xE0,
    0x1E, 0x00, 0xAB, 0x29, 0x60, 0xA5, 0x40, 0xEF, 0x80, 0xF7, 0xE0, 0xF7, 0xE0, 0xF7, 0xE0, 0xF7,
    0xE0, 0xF7, 0xE0, 0xF7, 0xE0, 0xF7, 0xE0, 0xF7, 0xE0, 0xF7, 0xE0, 0xF7, 0xE0, 0xF7, 0xE0, 0xF7,
    0xE0, 0xF7, 0xE0, 0xF7, 0xE0, 0xF7, 0xE0, 0xF7, 0xE0, 0xDF, 0x00, 0x84, 0x40, 0x00, 0x20, 0x22,
    0x00, 0xA9, 0x52, 0xA0, 0xC6, 0x40, 0xF7, 0xC0, 0xF7, 0xE0, 0xF7, 0xE0, 0xF7, 0xE0, 0xF7, 0xE0,
    0xF7, 0xE0, 0xF7, 0xE0, 0xF7, 0xE0, 0xF7, 0xE0, 0xF7, 0xE0, 0xF7, 0xE0, 0xF7, 0xE0, 0xF7, 0xE0,
    0xF7, 0xE0, 0xF7, 0xE0, 0xF7, 0xE0, 0xF7, 0xE0, 0xC6, 0x40, 0x5A, 0xE0, 0x20, 0x00, 0xA7, 0xAD,
    0x60, 0xEF, 0x80, 0xF7, 0xE0, 0xF7, 0xE0, 0xF7, 0xE0, 0xF7, 0xE0, 0xF7, 0xE0, 0xF7, 0xE0, 0xF7,
    0xE0, 0xF7, 0xE0, 0xF7, 0xE0, 0xF7, 0xE0, 0xF7, 0xE0, 0xF7, 0xE0, 0xF7, 0xE0, 0xF7, 0xE0, 0xF7,
    0xE0, 0xF7, 0xE0, 0xDF, 0x00, 0x84, 0x20, 0x24, 0x00, 0xA9, 0x52, 0xA0, 0xC6, 0x60, 0xF7, 0xC0,
    0xF7, 0xE0, 0xF7, 0xE0, 0xF7, 0xE0, 0xF7, 0xE0, 0xF7, 0xE0, 0xF7, 0xE0, 0xF7, 0xE0, 0xF7, 0xE0,
    0xF7, 0xE0, 0xF7, 0xE0, 0xF7, 0xE0, 0xF7, 0xE0, 0xF7, 0xE0, 0xF7, 0xE0, 0xF7, 0xE0, 0xF7, 0xE0,
    0xC6, 0x40, 0x5A, 0xC0, 0x22, 0x00, 0xA5, 0xEF, 0x80, 0xF7, 0xE0, 0xF7, 0xE0, 0xF7, 0xE0, 0xF7,
    0xE0, 0xF7, 0xE0, 0xF7, 0xE0, 0xF7, 0xE0, 0xF7, 0xE0, 0xF7, 0xE0, 0xF7, 0xE0, 0xF7, 0xE0, 0xF7,
    0xE0, 0xF7, 0xE0, 0xF7, 0xE0, 0xF7, 0xE0, 0xF7, 0xE0, 0xDE, 0xE0, 0x84, 0x20, 0x24, 0x00, 0xA9,
    0x52, 0xC0, 0xC6, 0x40, 0xF7, 0xE0, 0xF7, 0xE0, 0xF7, 0xE0, 0xF7, 0xE0, 0xF7, 0xE0, 0xF7, 0xE0,
    0xF7, 0xE0, 0xF7, 0xE0, 0xF7, 0xE0, 0xF7, 0xE0, 0xF7, 0xE0, 0xF7, 0xE0, 0xF7, 0xE0, 0xF7, 0xE0,
    0xF7, 0xE0, 0xF7, 0xE0, 0xF7, 0xE0, 0xC6, 0x20, 0x5A, 0xC0, 0x24, 0x00, 0xA2, 0xF7, 0xE0, 0xF7,
    0xE0, 0xF7, 0xE0, 0xF7, 0xE0, 0xF7, 0xE0, 0xF7, 0xE0, 0xF7, 0xE0, 0xF7, 0xE0, 0xF7, 0xE0, 0xF7,
    0xE0, 0xF7, 0xE0, 0xF7, 0xE0, 0xF7, 0xE0, 0xF7, 0xE0, 0xF7, 0xE0, 0xF7, 0xE0, 0xDE, 0xE0, 0x7C,
    0x25, 0x00, 0xA9, 0x52, 0xC0, 0xCE, 0x60, 0xF7, 0xE0, 0xF7, 0xE0, 0xF7, 0xE0, 0xF7, 0xE0, 0xF7,
    0xE0, 0xF7, 0xE0, 0xF7, 0xE0, 0xF7, 0xE0, 0xF7, 0xE0, 0xF7, 0xE0, 0xF7, 0xE0, 0xF7, 0xE0, 0xF7,
    0xE0, 0xF7, 0xE0, 0xF7, 0xE0, 0xF7, 0xE0, 0xF7, 0xE0, 0xC6, 0x40, 0x52, 0xA0, 0x26, 0x00, 0xA1,
    0xF7, 0xE0, 0xF7, 0xE0, 0xF7, 0xE0, 0xF7, 0xE0, 0xF7, 0xE0, 0xF7, 0xE0, 0xF7, 0xE0, 0xF7, 0xE0,
    0xF7, 0xE0, 0xF7, 0xE0, 0xF7, 0xE0, 0xF7, 0xE0, 0xF7, 0xE0, 0xF7, 0xE0, 0xF7, 0xE0, 0xD6, 0xE0,
    0x7B, 0xE0, 0x24, 0x00, 0xA9, 0x5A, 0xE0, 0xC6, 0x40, 0xF7, 0xE0, 0xF7, 0xE0, 0xF7, 0xE0, 0xF7,
    0xE0, 0xF7, 0xE0, 0xF7, 0xE0, 0xF7, 0xE0, 0xF7, 0xE0, 0xF7, 0xE0, 0xF7, 0xE0, 0xF7, 0xE0, 0xF7,
    0xE0, 0xF7, 0xE0, 0xF7, 0xE0, 0xF7, 0xE0, 0xF7, 0xE0, 0xF7, 0xC0, 0xBE, 0x20, 0x52, 0xA0, 0x28,
    0x00, 0x9F, 0xF7, 0xE0, 0xF7, 0xE0, 0xF7, 0xE0, 0xF7, 0xE0, 0xF7, 0xE0, 0xF7, 0xE0, 0xF7, 0xE0,
    0xF7, 0xE0, 0xF7, 0xE0, 0xF7, 0xE0, 0xF7, 0xE0, 0xF7, 0xE0, 0xF7, 0xE0, 0xF7, 0xE0, 0xD6, 0xE0,
    0x73, 0xC0, 0x24, 0x00, 0xA9, 0x5A, 0xE0, 0xCE, 0x60, 0xF7, 0xE0, 0xF7, 0xE0, 0xF7, 0xE0, 0xF7,
    0xE0, 0xF7, 0xE0, 0xF7, 0xE0, 0xF7, 0xE0, 0xF7, 0xE0, 0xF7, 0xE0, 0xF7, 0xE0, 0xF7, 0xE0, 0xF7,
    0xE0, 0xF7, 0xE0, 0xF7, 0xE0, 0xF7, 0xE0, 0xF7, 0xE0, 0xF7, 0xC0, 0xC6, 0x20, 0x4A, 0x80, 0x28,
    0x00, 0x9F, 0x08, 0x60, 0xF7, 0xE0, 0xF7, 0xE0, 0xF7, 0xE0, 0xF7, 0xE0, 0xF7, 0xE0, 0xF7, 0xE0,
    0xF7, 0xE0, 0xF7, 0xE0, 0xF7, 0xE0, 0xF7, 0xE0, 0xF7, 0xE0, 0xF7, 0xE0, 0xF7, 0xE0, 0xD6, 0xE0,
    0x73, 0xC0, 0x24, 0x00, 0xA9, 0x63, 0x20, 0xC6, 0x60, 0xF7, 0xE0, 0xF7, 0xE0, 0xF7, 0xE0, 0xF7,
    0xE0, 0xF7, 0xE0, 0xF7, 0xE0, 0xF7, 0xE0, 0xF7, 0xE0, 0xF7, 0xE0, 0xF7, 0xE0, 0xF7, 0xE0, 0xF7,
    0xE0, 0xF7, 0xE0, 0xF7, 0xE0, 0xF7, 0xE0, 0xF7, 0xE0, 0xF7, 0xC0, 0xBE, 0x20, 0x4A, 0x80, 0x28,
    0x00, 0x9F, 0x10, 0x80, 0x9D, 0x00, 0xF7, 0xE0, 0xF7, 0xE0, 0xF7, 0xE0, 0xF7, 0xE0, 0xF7, 0xE0,
    0xF7, 0xE0, 0xF7, 0xE0, 0xF7, 0xE0, 0xF7, 0xE0, 0xF7, 0xE0, 0xF7, 0xE0, 0xF7, 0xE0, 0xD6, 0xE0,
    0x73, 0xA0, 0x24, 0x00, 0xA9, 0x63, 0x20, 0xCE, 0x80, 0xF7, 0xE0, 0xF7, 0xE0, 0xF7, 0xE0, 0xF7,
    0xE0, 0xF7, 0xE0, 0xF7, 0xE0, 0xF7, 0xE0, 0xF7, 0xE0, 0xF7, 0xE0, 0xF7, 0xE0, 0xF7, 0xE0, 0xF7,
    0xE0, 0xF7, 0xE0, 0xF7, 0xE0, 0xF7, 0xE0, 0xF7, 0xE0, 0xF7, 0xC0, 0xBE, 0x00, 0x4A, 0x60, 0x28,
    0x00, 0x9F, 0x10, 0x80, 0x9D, 0x00, 0xE7, 0x60, 0xF7, 0xE0, 0xF7, 0xE0, 0xF7, 0xE0, 0xF7, 0xE0,
    0xF7, 0xE0, 0xF7, 0xE0, 0xF7, 0xE0, 0xF7, 0xE0, 0xF7, 0xE0, 0xF7, 0xE0, 0xF7, 0xE0, 0xD6, 0xE0,
    0x73, 0xA0, 0x24, 0x00, 0xA9, 0x63, 0x20, 0xCE, 0x60, 0xF7, 0xE0, 0xF7, 0xE0, 0xF7, 0xE0, 0xF7,
    0xE0, 0xF7, 0xE0, 0xF7, 0xE0, 0xF7, 0xE0, 0xF7, 0xE0, 0xF7, 0xE0, 0xF7, 0xE0, 0xF7, 0xE0, 0xF7,
    0xE0, 0xF7, 0xE0, 0xF7, 0xE0, 0xF7, 0xE0, 0xF7, 0xE0, 0xF7, 0xC0, 0xBE, 0x00, 0x4A, 0x40, 0x28,
    0x00, 0x9F, 0x10, 0xA0, 0xA5, 0x20, 0xE7, 0x60, 0xF7, 0xE0, 0xF7, 0xE0, 0xF7, 0xE0, 0xF7, 0xE0,
    0xF7, 0xE0, 0xF7, 0xE0, 0xF7, 0xE0, 0xF7, 0xE0, 0xF7, 0xE0, 0xF7, 0xE0, 0xF7, 0xE0, 0xD6, 0xC0,
    0x6B, 0x80, 0x24, 0x00, 0xA9, 0x63, 0x40, 0xCE, 0x80, 0xF7, 0xE0, 0xF7, 0xE0, 0xF7, 0xE0, 0xF7,
    0xE0, 0xF7, 0xE0, 0xF7, 0xE0, 0xF7, 0xE0, 0xF7, 0xE0, 0xF7, 0xE0, 0xF7, 0xE0, 0xF7, 0xE0, 0xF7,
    0xE0, 0xF7, 0xE0, 0xF7, 0xE0, 0xF7, 0xE0, 0xF7, 0xE0, 0xF7, 0xC0, 0xBE, 0x00, 0x42, 0x40, 0x28,
    0x00, 0x9F, 0x10, 0xC0, 0xA5, 0x20, 0xE7, 0x60, 0xF7, 0xE0, 0xF7, 0xE0, 0xF7, 0xE0, 0xF7, 0xE0,
    0xF7, 0xE0, 0xF7, 0xE0, 0xF7, 0xE0, 0xF7, 0xE0, 0xF7, 0xE0, 0xF7, 0xE0, 0xF7, 0xE0, 0xD6, 0xC0,
    0x6B, 0x60, 0x24, 0x00, 0xA9, 0x6B, 0x60, 0xCE, 0x80, 0xF7, 0xE0, 0xF7, 0xE0, 0xF7, 0xE0, 0xF7,
    0xE0, 0xF7, 0xE0, 0xF7, 0xE0, 0xF7, 0xE0, 0xF7, 0xE0, 0xF7, 0xE0, 0xF7, 0xE0, 0xF7, 0xE0, 0xF7,
    0xE0, 0xF7, 0xE0, 0xF7, 0xE0, 0xF7, 0xE0, 0xF7, 0xE0, 0xEF, 0xA0, 0xBE, 0x00, 0x42, 0x20, 0x28,
    0x00, 0x9F, 0x18, 0xC0, 0xA5, 0x40, 0xE7, 0x60, 0xF7, 0xE0, 0xF7, 0xE0, 0xF7, 0xE0, 0xF7, 0xE0,
    0xF7, 0xE0, 0xF7, 0xE0, 0xF7, 0xE0, 0xF7, 0xE0, 0xF7, 0xE0, 0xF7, 0xE0, 0xF7, 0xE0, 0xD6, 0xC0,
    0x6B, 0x60, 0x24, 0x00, 0xA9, 0x6B, 0x60, 0xCE, 0x80, 0xF7, 0xE0, 0xF7, 0xE0, 0xF7, 0xE0, 0xF7,
    0xE0, 0xF7, 0xE0, 0xF7, 0xE0, 0xF7, 0xE0, 0xF7, 0xE0, 0xF7, 0xE0, 0xF7, 0xE0, 0xF7, 0xE0, 0xF7,
    0xE0, 0xF7, 0xE0, 0xF7, 0xE0, 0xF7, 0xE0, 0xF7, 0xE0, 0xF7, 0xC0, 0xBD, 0xE0, 0x42, 0x20, 0x28,
    0x00, 0x9F, 0x18, 0xE0, 0xA5, 0x40, 0xE7, 0x60, 0xF7, 0xE0, 0xF7, 0xE0, 0xF7, 0xE0, 0xF7, 0xE0,
    0xF7, 0xE0, 0xF7, 0xE0, 0xF7, 0xE0, 0xF7, 0xE0, 0xF7, 0xE0, 0xF7, 0xE0, 0xF7, 0xE0, 0xD6, 0xC0,
    0x63, 0x40, 0x24, 0x00, 0xA8, 0x6B, 0x80, 0xCE, 0xA0, 0xF7, 0xE0, 0xF7, 0xE0, 0xF7, 0xE0, 0xF7,
    0xE0, 0xF7, 0xE0, 0xF7, 0xE0, 0xF7, 0xE0, 0xF7, 0xE0, 0xF7, 0xE0, 0xF7, 0xE0, 0xF7, 0xE0, 0xF7,
    0xE0, 0xF7, 0xE0, 0xF7, 0xE0, 0xF7, 0xE0, 0xF7, 0xE0, 0xEF, 0xA0, 0xBE, 0x00, 0x3A, 0x29, 0x00,
    0x9F, 0x18, 0xE0, 0xAD, 0x60, 0xE7, 0x60, 0xF7, 0xE0, 0xF7, 0xE0, 0xF7, 0xE0, 0xF7, 0xE0, 0xF7,
    0xE0, 0xF7, 0xE0, 0xF7, 0xE0, 0xF7, 0xE0, 0xF7, 0xE0, 0xF7, 0xE0, 0xF7, 0xE0, 0xD6, 0xA0, 0x63,
    0x20, 0x24, 0x00, 0xA9, 0x73, 0xA0, 0xCE, 0xA0, 0xF7, 0xE0, 0xF7, 0xE0, 0xF7, 0xE0, 0xF7, 0xE0,
    0xF7, 0xE0, 0xF7, 0xE0, 0xF7, 0xE0, 0xF7, 0xE0, 0xF7, 0xE0, 0xF7, 0xE0, 0xF7, 0xE0, 0xF7, 0xE0,
    0xF7, 0xE0, 0xF7, 0xE0, 0xF7, 0xE0, 0xF7, 0xE0, 0xEF, 0xA0, 0xB5, 0xE0, 0x39, 0xE0, 0x28, 0x00,
    0x9F, 0x21, 0x00, 0xAD, 0x60, 0xEF, 0x60, 0xF7, 0xE0, 0xF7, 0xE0, 0xF7, 0xE0, 0xF7, 0xE0, 0xF7,
    0xE0, 0xF7, 0xE0, 0xF7, 0xE0, 0xF7, 0xE0, 0xF7, 0xE0, 0xF7, 0xE0, 0xF7, 0xE0, 0xD6, 0xC0, 0x63,
    0x20, 0x24, 0x00, 0xA9, 0x73, 0xA0, 0xD6, 0xA0, 0xF7, 0xE0, 0xF7, 0xE0, 0xF7, 0xE0, 0xF7, 0xE0,
    0xF7, 0xE0, 0xF7, 0xE0, 0xF7, 0xE0, 0xF7, 0xE0, 0xF7, 0xE0, 0xF7, 0xE0, 0xF7, 0xE0, 0xF7, 0xE0,
    0xF7, 0xE0, 0xF7, 0xE0, 0xF7, 0xE0, 0xF7, 0xE0, 0xEF, 0xA0, 0xB5, 0xE0, 0x39, 0xC0, 0x28, 0x00,
    0x9E, 0x21, 0x00, 0xAD, 0x80, 0xEF, 0x60, 0xF7, 0xE0, 0xF7, 0xE0, 0xF7, 0xE0, 0xF7, 0xE0, 0xF7,
    0xE0, 0xF7, 0xE0, 0xF7, 0xE0, 0xF7, 0xE0, 0xF7, 0xE0, 0xF7, 0xE0, 0xF7, 0xE0, 0xCE, 0xA0, 0x5B,
    0x25, 0x00, 0xA9, 0x73, 0xC0, 0xCE, 0xA0, 0xF7, 0xE0, 0xF7, 0xE0, 0xF7, 0xE0, 0xF7, 0xE0, 0xF7,
    0xE0, 0xF7, 0xE0, 0xF7, 0xE0, 0xF7, 0xE0, 0xF7, 0xE0, 0xF7, 0xE0, 0xF7, 0xE0, 0xF7, 0xE0, 0xF7,
    0xE0, 0xF7, 0xE0, 0xF7, 0xE0, 0xF7, 0xE0, 0xEF, 0xA0, 0xB5, 0xC0, 0x31, 0xC0, 0x28, 0x00, 0x9F,
    0x21, 0x20, 0xAD, 0x80, 0xEF, 0x80, 0xF7, 0xE0, 0xF7, 0xE0, 0xF7, 0xE0, 0xF7, 0xE0, 0xF7, 0xE0,
    0xF7, 0xE0, 0xF7, 0xE0, 0xF7, 0xE0, 0xF7, 0xE0, 0xF7, 0xE0, 0xF7, 0xE0, 0xCE, 0xA0, 0x5A, 0xE0,
    0x24, 0x00, 0xA9, 0x73, 0xC0, 0xD6, 0xC0, 0xF7, 0xE0, 0xF7, 0xE0, 0xF7, 0xE0, 0xF7, 0xE0, 0xF7,
    0xE0, 0xF7, 0xE0, 0xF7, 0xE0, 0xF7, 0xE0, 0xF7, 0xE0, 0xF7, 0xE0, 0xF7, 0xE0, 0xF7, 0xE0, 0xF7,
    0xE0, 0xF7, 0xE0, 0xF7, 0xE0, 0xF7, 0xE0, 0xEF, 0x80, 0xB5, 0xC0, 0x31, 0xA0, 0x28, 0x00, 0x9F,
    0x29, 0x40, 0xAD, 0x80, 0xEF, 0x80, 0xF7, 0xE0, 0xF7, 0xE0, 0xF7, 0xE0, 0xF7, 0xE0, 0xF7, 0xE0,
    0xF7, 0xE0, 0xF7, 0xE0, 0xF7, 0xE0, 0xF7, 0xE0, 0xF7, 0xE0, 0xF7, 0xE0, 0xCE, 0xA0, 0x5A, 0xE0,
    0x24, 0x00, 0xA9, 0x7B, 0xE0, 0xD6, 0xA0, 0xF7, 0xE0, 0xF7, 0xE0, 0xF7, 0xE0, 0xF7, 0xE0, 0xF7,
    0xE0, 0xF7, 0xE0, 0xF7, 0xE0, 0xF7, 0xE0, 0xF7, 0xE0, 0xF7, 0xE0, 0xF7, 0xE0, 0xF7, 0xE0, 0xF7,
    0xE0, 0xF7, 0xE0, 0xF7, 0xE0, 0xF7, 0xE0, 0xEF, 0xA0, 0xB5, 0xA0, 0x31, 0xA0, 0x28, 0x00, 0x99,
    0x29, 0x40, 0xAD, 0x80, 0xEF, 0x80, 0xF7, 0xE0, 0xF7, 0xE0, 0xF7, 0xE0, 0xF7, 0xE0, 0xF7, 0xE0,
    0xF7, 0xE0, 0xF7, 0xE0, 0xF7, 0xE0, 0xF7, 0xE0, 0xF7, 0xE0,
};
// clang-format on
